{
  "version": "0.1",
  "entities": [
    {
      "id": "ssot_core",
      "label": "SSOT Core",
      "enabled": true
    },
    {
      "id": "legal_core",
      "label": "LEGAL Core",
      "enabled": true
    },
    {
      "id": "pd_engine",
      "label": "PD Engine",
      "enabled": true
    },
    {
      "id": "tsvne_core",
      "label": "TSVNE Core",
      "enabled": true
    },
    {
      "id": "ui_shell",
      "label": "UI Shell",
      "enabled": true
    }
  ],
  "depends": {
    "pd_engine": [
      "ssot_core"
    ],
    "legal_core": [
      "ssot_core"
    ],
    "tsvne_core": [
      "legal_core",
      "pd_engine",
      "ssot_core"
    ],
    "ui_shell": [
      "tsvne_core"
    ]
  },
  "invariants": [
    {
      "id": "INV_SSOT_REQUIRED",
      "desc": "SSOT musi istnieć",
      "involves": [
        "ssot_core"
      ],
      "expr": {
        "op": "exists",
        "id": "ssot_core"
      }
    },
    {
      "id": "INV_LEGAL_ON",
      "desc": "LEGAL mode nie może być wyłączony",
      "involves": [
        "legal_core"
      ],
      "expr": {
        "op": "eq",
        "a": {
          "op": "flag",
          "key": "legal"
        },
        "b": {
          "op": "value",
          "value": true
        }
      }
    },
    {
      "id": "INV_PD_ON",
      "desc": "PD mode nie może być wyłączony",
      "involves": [
        "pd_engine"
      ],
      "expr": {
        "op": "eq",
        "a": {
          "op": "flag",
          "key": "pd"
        },
        "b": {
          "op": "value",
          "value": true
        }
      }
    },
    {
      "id": "INV_UI_IMPLIES_TSVNE",
      "desc": "UI => TSVNE",
      "involves": [
        "ui_shell",
        "tsvne_core"
      ],
      "expr": {
        "op": "implies",
        "a": {
          "op": "exists",
          "id": "ui_shell"
        },
        "b": {
          "op": "exists",
          "id": "tsvne_core"
        }
      }
    },
    {
      "id": "INV_LEGAL_IMPLIES_SSOT",
      "desc": "LEGAL => SSOT",
      "involves": [
        "legal_core",
        "ssot_core"
      ],
      "expr": {
        "op": "implies",
        "a": {
          "op": "flag",
          "key": "legal"
        },
        "b": {
          "op": "exists",
          "id": "ssot_core"
        }
      }
    }
  ]
}