{
  "generated_utc": "2026-01-25T05:32:52.526907Z",
  "note": "Patch: dodaje konstytucję v1.3.0 FULL + coverage matrix. Rozpakuj do katalogu bazowej paczki GOTOWIEC MAX.",
  "files": [
    {
      "path": "00_GOVERNANCE/2026-01-25__KONSTYTUCJA_TSVNE_PLUS_v1.3.0_FULL__ARKADIUSZ_LEJSZO__WAZNE.md",
      "sha256": "168fea04aa22cbf2684f51ee10361c7d77a9a6f4cb4d8b4d94f6d1a3ae732874",
      "size_bytes": 14274
    },
    {
      "path": "00_GOVERNANCE/2026-01-25__COVERAGE_MATRIX__v1.0.0_to_v1.3.0_FULL__WAZNE.md",
      "sha256": "1e3d2c80b29b05467f8c057a276dc348f930b1511ce7e7f24de0a122ab8de9b5",
      "size_bytes": 206
    }
  ]
}