{
  "generated_utc": "2026-01-25T03:37:06.236172Z",
  "root": "TSVNE_PLUS__AUDYT_VNEIL_AL__2026-01-25",
  "files": [
    {
      "relpath": "00_GOVERNANCE/2026-01-25__KONSTYTUCJA_TSVNE_PLUS_v1.1.0_MASTER__TSVNE=SSOT__WAZNE.md",
      "size_bytes": 5545,
      "sha256": "d2b06205470329f845af9318485648600db6c70cf30c955042e8302caeadcc08"
    },
    {
      "relpath": "00_README/2026-01-25__MANIFEST_WEJSCIA__TSVNE=SSOT__WAZNE.md",
      "size_bytes": 1540,
      "sha256": "37f825df57aab1cbaa296df8f3ced45a832bae8eb0aa8de9b32ee1dd4219dab8"
    },
    {
      "relpath": "00_README/2026-01-25__README_VNEIL_AL__TSVNE=SSOT__WAZNE.md",
      "size_bytes": 2268,
      "sha256": "a00e98c845a00643c774b3e7fc9a218b1f0d90a350f8f8c479648b03d40ed5b1"
    },
    {
      "relpath": "01_BOSON0/2026-01-25__ANALIZA_BOSON0__TSVNE=BOSON-ABSOLUT__WAZNE.md",
      "size_bytes": 1785,
      "sha256": "704d5e7d6412fb983e5adefda89c6f2fef2c1d2260575296df9052a71ba26e2d"
    },
    {
      "relpath": "02_AUDYT/2026-01-25__ANALIZA_BOSON_ARCHIVE_LISTING__TSVNE=BOSON-ABSOLUT__WAZNE.md",
      "size_bytes": 1961,
      "sha256": "01518363f9e6c21882fc426cc74cb6e39b2365d20cb807eefea4c2614cf0a86d"
    },
    {
      "relpath": "02_AUDYT/2026-01-25__ANALIZA_SVNE_CONSOLIDATED__TSVNE=SSOT__WAZNE.md",
      "size_bytes": 7711,
      "sha256": "fdaafafa15a8a8531ad09d7c778d83dc4f8e91b28344be1222218037cc4cb14f"
    },
    {
      "relpath": "02_LIBRARY/2026-01-25__INDEX_BIBLIOTEKI__TSVNE=SSOT__WAZNE.md",
      "size_bytes": 380,
      "sha256": "7232685351d06f5022523911c8c50628f34cd887a90a7fa4cb377dd0f6e10115"
    },
    {
      "relpath": "02_LIBRARY/STABILIZACJA_I_OPTYMALIZACJA__BIBLIOTEKA_ROZMOW/IMPORTER/README_IMPORT.md",
      "size_bytes": 741,
      "sha256": "8a352decfe6203b0a677498affaedfde216432c235082dfca8fba1262a935c28"
    },
    {
      "relpath": "02_LIBRARY/STABILIZACJA_I_OPTYMALIZACJA__BIBLIOTEKA_ROZMOW/IMPORTER/build_chat_library.py",
      "size_bytes": 6705,
      "sha256": "d38a469d3b77328d1524f81ea4c5057ef31a9bd2878a02b71be0a6be12680c2f"
    },
    {
      "relpath": "02_LIBRARY/STABILIZACJA_I_OPTYMALIZACJA__BIBLIOTEKA_ROZMOW/MANIFEST.csv",
      "size_bytes": 34981,
      "sha256": "41f66b25e5432e721da7bf88b65626881f02fe4b84bec78394ebf6ea11eaf2b3"
    },
    {
      "relpath": "02_LIBRARY/STABILIZACJA_I_OPTYMALIZACJA__BIBLIOTEKA_ROZMOW/README.md",
      "size_bytes": 7420,
      "sha256": "4a1441db3b06f66f37813a312142fb7241b9a0395e9b3dceb54add24de62e896"
    },
    {
      "relpath": "02_LIBRARY/STABILIZACJA_I_OPTYMALIZACJA__BIBLIOTEKA_ROZMOW/ROZMOWA_0001__2026-01-05/WATEK_001__svne_vne_konstytucja_template_v0_1_0.md",
      "size_bytes": 7947,
      "sha256": "e47dd84f0b2e16db056a6937e24b2c83e19b402df61991d9e06419ade4b5a205"
    },
    {
      "relpath": "02_LIBRARY/STABILIZACJA_I_OPTYMALIZACJA__BIBLIOTEKA_ROZMOW/ROZMOWA_0001__2026-01-05/WATEK_002__svne_vne_konstytucja_v0_2_0_2026_01_05.md",
      "size_bytes": 18774,
      "sha256": "0e4c60ed88d8c1f74fb5b463a85cf15ba25c174aa07bf92cbf44a526705adf50"
    },
    {
      "relpath": "02_LIBRARY/STABILIZACJA_I_OPTYMALIZACJA__BIBLIOTEKA_ROZMOW/ROZMOWA_0002__2026-01-06/WATEK_001__svne_master_plan_operacjonalizacja_konstytucji.md",
      "size_bytes": 3900,
      "sha256": "a55cbd7130b2940d694c6b597f464a00d20745817bbd55aad6649c979fa1f89a"
    },
    {
      "relpath": "02_LIBRARY/STABILIZACJA_I_OPTYMALIZACJA__BIBLIOTEKA_ROZMOW/ROZMOWA_0002__2026-01-06/WATEK_002__pmetlux_package_patent_ready_svne.md",
      "size_bytes": 5167,
      "sha256": "702e97f13a7a03338789c3b71a5ba1a93ae4dccbb5ec8d79b4167baec9146c4e"
    },
    {
      "relpath": "02_LIBRARY/STABILIZACJA_I_OPTYMALIZACJA__BIBLIOTEKA_ROZMOW/ROZMOWA_0002__2026-01-06/WATEK_003__svne_delta_update_v_0_2.md",
      "size_bytes": 3512,
      "sha256": "e43eeb44cec1d54c46f630eb024804327846b5d2079ed2c3fdd07c7a1dddcb8c"
    },
    {
      "relpath": "02_LIBRARY/STABILIZACJA_I_OPTYMALIZACJA__BIBLIOTEKA_ROZMOW/ROZMOWA_0002__2026-01-06/WATEK_004__svne_delta_update_v_0_2_3.md",
      "size_bytes": 2956,
      "sha256": "3e0f1b25f627158e1394468aaf9bc35ccba234d68cfbd521a26542e1a0f0e056"
    },
    {
      "relpath": "02_LIBRARY/STABILIZACJA_I_OPTYMALIZACJA__BIBLIOTEKA_ROZMOW/ROZMOWA_0002__2026-01-06/WATEK_005__svne_lux_material_ecosystem_map.md",
      "size_bytes": 3914,
      "sha256": "892b08b7112dd7ed82dd7ebc4a60bf1e57998c1d26e8cf04285e011e0c383222"
    },
    {
      "relpath": "02_LIBRARY/STABILIZACJA_I_OPTYMALIZACJA__BIBLIOTEKA_ROZMOW/ROZMOWA_0002__2026-01-06/WATEK_006__pd_lux_0_systemowy_dowod_koncepcyjny_svne.md",
      "size_bytes": 2654,
      "sha256": "8e682e45ce9ac8913601afa39397290f6e32db6f8b4e3fe41901afadd09f1667"
    },
    {
      "relpath": "02_LIBRARY/STABILIZACJA_I_OPTYMALIZACJA__BIBLIOTEKA_ROZMOW/ROZMOWA_0002__2026-01-06/WATEK_007__pd_lux_1_ciaglosc_dowodowa_i_przejscie_do_konstytucji.md",
      "size_bytes": 2163,
      "sha256": "bc80a57f3460b8825e996455dd3a1e2c2857e20b9659c74ff9247101a7ccef1f"
    },
    {
      "relpath": "02_LIBRARY/STABILIZACJA_I_OPTYMALIZACJA__BIBLIOTEKA_ROZMOW/ROZMOWA_0002__2026-01-06/WATEK_008__lux_opis_i_historia_symboliczna_tsvne.md",
      "size_bytes": 4485,
      "sha256": "2cf0ae88cae9aaf32364f1ebbfb7049e2806030dc18955d5a9db941d29827b57"
    },
    {
      "relpath": "02_LIBRARY/STABILIZACJA_I_OPTYMALIZACJA__BIBLIOTEKA_ROZMOW/ROZMOWA_0002__2026-01-06/WATEK_009__vertyx_nexus_eil_brand_umbrella_description.md",
      "size_bytes": 3477,
      "sha256": "4d3f360010d6218d9f1a432cd1219c0bae941fdd78136e80447d7a8afdb25497"
    },
    {
      "relpath": "02_LIBRARY/STABILIZACJA_I_OPTYMALIZACJA__BIBLIOTEKA_ROZMOW/ROZMOWA_0002__2026-01-06/WATEK_010__svne_lux_master_plan_v1_0.md",
      "size_bytes": 1190,
      "sha256": "af8c421f00d03e92d744f5285c31a738d3edd86be367a349a9babc630811238f"
    },
    {
      "relpath": "02_LIBRARY/STABILIZACJA_I_OPTYMALIZACJA__BIBLIOTEKA_ROZMOW/ROZMOWA_0002__2026-01-06/WATEK_011__svne_vne_konstytucja_v_0_3.md",
      "size_bytes": 2932,
      "sha256": "976b2be135474cb25e67944e4d3252ce27ff0d673756ad3223a362dd5a1977e1"
    },
    {
      "relpath": "02_LIBRARY/STABILIZACJA_I_OPTYMALIZACJA__BIBLIOTEKA_ROZMOW/ROZMOWA_0002__2026-01-06/WATEK_012__svne_vne_konstytucja_v0_3_0_master.md",
      "size_bytes": 1696,
      "sha256": "ba1e0d335b446959e365e8a99ca87081353d5e6ddac3c280ddfae1ca5da79a2d"
    },
    {
      "relpath": "02_LIBRARY/STABILIZACJA_I_OPTYMALIZACJA__BIBLIOTEKA_ROZMOW/ROZMOWA_0002__2026-01-06/WATEK_013__mp_seeds_microgreens_portfolio_premium_assortment.md",
      "size_bytes": 4415,
      "sha256": "813d826e493875893940730fc31c497687129d7474ecbd385ff4e963b4e02df7"
    },
    {
      "relpath": "02_LIBRARY/STABILIZACJA_I_OPTYMALIZACJA__BIBLIOTEKA_ROZMOW/ROZMOWA_0002__2026-01-06/WATEK_014__arkangrow_wersja_inwestorska_techniczna_eksportowa.md",
      "size_bytes": 6287,
      "sha256": "c64fea664de593f0292e5885a1be8b4d44e4e6f8fbe939106ed7b6885c8e72a6"
    },
    {
      "relpath": "02_LIBRARY/STABILIZACJA_I_OPTYMALIZACJA__BIBLIOTEKA_ROZMOW/ROZMOWA_0002__2026-01-06/WATEK_015__quantara_constitution_v_0_0.md",
      "size_bytes": 5144,
      "sha256": "2150263c07e75335512c97f19c327569187fa9b8f88903cfb6d59fb94f29991c"
    },
    {
      "relpath": "02_LIBRARY/STABILIZACJA_I_OPTYMALIZACJA__BIBLIOTEKA_ROZMOW/ROZMOWA_0002__2026-01-06/WATEK_016__quantara_eil_module_spec_tsvne_v_0.md",
      "size_bytes": 4096,
      "sha256": "b3e7064286921fa686fd8ca9812f155f7d31cbdfefda40a70042bf23e761e153"
    },
    {
      "relpath": "02_LIBRARY/STABILIZACJA_I_OPTYMALIZACJA__BIBLIOTEKA_ROZMOW/ROZMOWA_0002__2026-01-06/WATEK_017__uprp_quantara_pakiet_zgloszeniowy_v_1.md",
      "size_bytes": 4662,
      "sha256": "d576ad3020afc546e61865e54f9c2a077f749117515a4910692bcbbfec6d7cf1"
    },
    {
      "relpath": "02_LIBRARY/STABILIZACJA_I_OPTYMALIZACJA__BIBLIOTEKA_ROZMOW/ROZMOWA_0002__2026-01-06/WATEK_018__svne_vne_quantrum_konstytucja_v_0_0nowa.md",
      "size_bytes": 4706,
      "sha256": "6abe437dd0836c94a671af3c41b24b55251e40fff7141c68b0c48ddab7ca5fb1"
    },
    {
      "relpath": "02_LIBRARY/STABILIZACJA_I_OPTYMALIZACJA__BIBLIOTEKA_ROZMOW/ROZMOWA_0002__2026-01-06/WATEK_019__umowa_licencyjna_tworca_ojciec_svne_vne_quantrum_v0_1.md",
      "size_bytes": 2132,
      "sha256": "fe0a56871c15bd3fe63e75fe481a66e4ba749edf7730a71384488359fd46f3e1"
    },
    {
      "relpath": "02_LIBRARY/STABILIZACJA_I_OPTYMALIZACJA__BIBLIOTEKA_ROZMOW/ROZMOWA_0002__2026-01-06/WATEK_020__family_ip_vault_svne_vne_quantrum_v0_1.md",
      "size_bytes": 1578,
      "sha256": "74293f32cef6f4b7629081abb4191f7abc0a54c647e19b29f3a21ee91fda579d"
    },
    {
      "relpath": "02_LIBRARY/STABILIZACJA_I_OPTYMALIZACJA__BIBLIOTEKA_ROZMOW/ROZMOWA_0002__2026-01-06/WATEK_021__oswiadczenie_tworcy_do_uprp_svne_vne_quantrum_v0_1.md",
      "size_bytes": 1512,
      "sha256": "6033ef7d1feb9d18fc062047a06b1b0c7ab1897774c8fb9b44059d6f51a93a0e"
    },
    {
      "relpath": "02_LIBRARY/STABILIZACJA_I_OPTYMALIZACJA__BIBLIOTEKA_ROZMOW/ROZMOWA_0002__2026-01-06/WATEK_022__hash_manifest_svne_family_ip_pack_2026_01_06.md",
      "size_bytes": 1271,
      "sha256": "67d4c83ab8616e13fe9f5ee0025b0d7b95daa8c6cc67ae8affe22fb84e7dc60f"
    },
    {
      "relpath": "02_LIBRARY/STABILIZACJA_I_OPTYMALIZACJA__BIBLIOTEKA_ROZMOW/ROZMOWA_0003__2026-01-07/WATEK_001__mp_seeds_arkangrow_portfolio_zintegrowane.md",
      "size_bytes": 2148,
      "sha256": "d462b12778604bec0d3e3b6035eb5ab1f32726d5f1f7ab8a31be948b364174a1"
    },
    {
      "relpath": "02_LIBRARY/STABILIZACJA_I_OPTYMALIZACJA__BIBLIOTEKA_ROZMOW/ROZMOWA_0003__2026-01-07/WATEK_002__investor_one_pager_dlaczego_system_jest_nie_do_skopiowania.md",
      "size_bytes": 3149,
      "sha256": "39590be8f7be0c5735f54597689decc3c1eca1d12329dd8628997234bd3483ee"
    },
    {
      "relpath": "02_LIBRARY/STABILIZACJA_I_OPTYMALIZACJA__BIBLIOTEKA_ROZMOW/ROZMOWA_0003__2026-01-07/WATEK_003__investor_slide_due_diligence_unit_economics_moat.md",
      "size_bytes": 3431,
      "sha256": "a898f5ea7e429eca54f6f5572fdaf63a37d89c03a03ec2df4068969ace18da12"
    },
    {
      "relpath": "02_LIBRARY/STABILIZACJA_I_OPTYMALIZACJA__BIBLIOTEKA_ROZMOW/ROZMOWA_0003__2026-01-07/WATEK_004__master_pack_capex_ip_map_licencjonowanie_cream.md",
      "size_bytes": 3072,
      "sha256": "535c5d2932212c259e29b49929617a18c609182a1f19cf25570b5ea041cd01a2"
    },
    {
      "relpath": "02_LIBRARY/STABILIZACJA_I_OPTYMALIZACJA__BIBLIOTEKA_ROZMOW/ROZMOWA_0003__2026-01-07/WATEK_005__runda_angel_01_04_2026_polska_olsztyn_cream.md",
      "size_bytes": 3231,
      "sha256": "e57a3107bdcba2ed821620e947efcf46a82474d7d881bcde35197ca03f6431cf"
    },
    {
      "relpath": "02_LIBRARY/STABILIZACJA_I_OPTYMALIZACJA__BIBLIOTEKA_ROZMOW/ROZMOWA_0003__2026-01-07/WATEK_006__term_sheet_non_dilutive_funding_polska_2026_cream.md",
      "size_bytes": 3397,
      "sha256": "6a458808ddc3b7fd220ed9b22933b8e51678adba76fd49c6c65c1bd9f3a8b6e2"
    },
    {
      "relpath": "02_LIBRARY/STABILIZACJA_I_OPTYMALIZACJA__BIBLIOTEKA_ROZMOW/ROZMOWA_0003__2026-01-07/WATEK_007__umowa_przedwstepna_finansowania_i_wspolwlasnosci_arkangrow_s.md",
      "size_bytes": 5121,
      "sha256": "06b45899f404a25cab67fdc39b64d9d23a2a20a43cd013eed3b66046c80b21e6"
    },
    {
      "relpath": "02_LIBRARY/STABILIZACJA_I_OPTYMALIZACJA__BIBLIOTEKA_ROZMOW/ROZMOWA_0003__2026-01-07/WATEK_008__budzet_dotacyjny_harmonogram_arkangrow_parp_regional.md",
      "size_bytes": 2896,
      "sha256": "f75a0a3f03b370024b264655b95ada78b442557c70d6a9509da170f7b914293d"
    },
    {
      "relpath": "02_LIBRARY/STABILIZACJA_I_OPTYMALIZACJA__BIBLIOTEKA_ROZMOW/ROZMOWA_0003__2026-01-07/WATEK_009__grant_master_pack_kryteria_wording_zalaczniki_arkangrow.md",
      "size_bytes": 3405,
      "sha256": "d20a91ffe7196665b000005f7279cbff0e6b7abf8f586146ca2848c5141ed99f"
    },
    {
      "relpath": "02_LIBRARY/STABILIZACJA_I_OPTYMALIZACJA__BIBLIOTEKA_ROZMOW/ROZMOWA_0003__2026-01-07/WATEK_010__warmia_mazury_olsztyn_wersja_konkursowa_symulacja_oceny_eksp.md",
      "size_bytes": 4099,
      "sha256": "05179dab2b2b057949787cac1c45dc85c2621f26e7bb7986b1ce03deef46090b"
    },
    {
      "relpath": "02_LIBRARY/STABILIZACJA_I_OPTYMALIZACJA__BIBLIOTEKA_ROZMOW/ROZMOWA_0003__2026-01-07/WATEK_011__arkangrow_dostawcy_i_odbiorcy_mapa_operacyjna.md",
      "size_bytes": 3373,
      "sha256": "90c7d5fd2d4952a32c8a82d488dadbf9355d50cd94c137ce84d0e42058c377ba"
    },
    {
      "relpath": "02_LIBRARY/STABILIZACJA_I_OPTYMALIZACJA__BIBLIOTEKA_ROZMOW/ROZMOWA_0003__2026-01-07/WATEK_012__arkangrow_master_operations_pack.md",
      "size_bytes": 2550,
      "sha256": "4b6d21c3adafcd25d220f76477798bcc9a4b6b18b4c47e61a46935ff4245aa30"
    },
    {
      "relpath": "02_LIBRARY/STABILIZACJA_I_OPTYMALIZACJA__BIBLIOTEKA_ROZMOW/ROZMOWA_0003__2026-01-07/WATEK_013__arkangrow_svne.md",
      "size_bytes": 4939,
      "sha256": "a1f09abfba049f623082a41fb45bf79dcbbd98d36b07efae674d8b66ccce6c6a"
    },
    {
      "relpath": "02_LIBRARY/STABILIZACJA_I_OPTYMALIZACJA__BIBLIOTEKA_ROZMOW/ROZMOWA_0003__2026-01-07/WATEK_014__arkangrow_svne.md",
      "size_bytes": 4671,
      "sha256": "9111408bce5f6a4b24331a064874897694c72bd2ea36ad0db861cee951419cfc"
    },
    {
      "relpath": "02_LIBRARY/STABILIZACJA_I_OPTYMALIZACJA__BIBLIOTEKA_ROZMOW/ROZMOWA_0003__2026-01-07/WATEK_015__svne_vne_konstytucja_v0_2_2_2026_01_07.md",
      "size_bytes": 22913,
      "sha256": "fcb1ad264a1a49ded09ec320794b4d07dc828bbd24d5da0f51a945164146de68"
    },
    {
      "relpath": "02_LIBRARY/STABILIZACJA_I_OPTYMALIZACJA__BIBLIOTEKA_ROZMOW/ROZMOWA_0003__2026-01-07/WATEK_016__vneil.md",
      "size_bytes": 1800,
      "sha256": "43416f85f35fec2f951eacd6bd0c7d53a1a5a6422dcca3433eade3d392081e1c"
    },
    {
      "relpath": "02_LIBRARY/STABILIZACJA_I_OPTYMALIZACJA__BIBLIOTEKA_ROZMOW/ROZMOWA_0004__2026-01-10/WATEK_001__konstytucja_certyfikacji_svne.md",
      "size_bytes": 7417,
      "sha256": "afb3451288c28c69f12556d3281dc8dea7fcc9716223247a5f01fdfa800a3b77"
    },
    {
      "relpath": "02_LIBRARY/STABILIZACJA_I_OPTYMALIZACJA__BIBLIOTEKA_ROZMOW/ROZMOWA_0004__2026-01-10/WATEK_002__svne_governance_whitepaper.md",
      "size_bytes": 4248,
      "sha256": "623f45c0c21606865fc3463641a86846d2393fc4eaf61da6cebd08d5493c8ad0"
    },
    {
      "relpath": "02_LIBRARY/STABILIZACJA_I_OPTYMALIZACJA__BIBLIOTEKA_ROZMOW/ROZMOWA_0004__2026-01-10/WATEK_003__svne_profiles_executive_summary_trust_model.md",
      "size_bytes": 3894,
      "sha256": "e1fcffb6f79ad3521fd2a02597c90af7498beee9cc9765831238762adadf5233"
    },
    {
      "relpath": "02_LIBRARY/STABILIZACJA_I_OPTYMALIZACJA__BIBLIOTEKA_ROZMOW/ROZMOWA_0005__2026-01-12/WATEK_001__svne_context_payload_delta_update_microgreens_pmmed.md",
      "size_bytes": 3916,
      "sha256": "5125936005186315f1a46e5fad32dba8859bd41f453ac6b1981d4494ae035f33"
    },
    {
      "relpath": "02_LIBRARY/STABILIZACJA_I_OPTYMALIZACJA__BIBLIOTEKA_ROZMOW/ROZMOWA_0005__2026-01-12/WATEK_002__konstytucja_indoormisticvneil.md",
      "size_bytes": 13932,
      "sha256": "baab222b03f7066de6c79dedce5a91c4fadc875a8e07ffa0479219eb7b0bc9e2"
    },
    {
      "relpath": "02_LIBRARY/STABILIZACJA_I_OPTYMALIZACJA__BIBLIOTEKA_ROZMOW/ROZMOWA_0005__2026-01-12/WATEK_003__konstytucja_indoormisticvneil.md",
      "size_bytes": 13664,
      "sha256": "bb34cc314a6a6a033d2ed4331afa4c071bfe7b14cc49cd31033b1c5df38f9fdd"
    },
    {
      "relpath": "02_LIBRARY/STABILIZACJA_I_OPTYMALIZACJA__BIBLIOTEKA_ROZMOW/ROZMOWA_0005__2026-01-12/WATEK_004__instrukcja_projektu_vneil.md",
      "size_bytes": 10317,
      "sha256": "a3e33ee8ed175b8b79ec9a79cc14b04a4782191b4cc3a6183728468047c4634e"
    },
    {
      "relpath": "02_LIBRARY/STABILIZACJA_I_OPTYMALIZACJA__BIBLIOTEKA_ROZMOW/ROZMOWA_0005__2026-01-12/WATEK_005__instrukcja_projektu_vneil.md",
      "size_bytes": 10049,
      "sha256": "dc920273dc850df62a47ed656e3261ef752a9544c588c5d20a715fab95404557"
    },
    {
      "relpath": "02_LIBRARY/STABILIZACJA_I_OPTYMALIZACJA__BIBLIOTEKA_ROZMOW/ROZMOWA_0006__2026-01-17/WATEK_001__instrukcja_projektu_vneil_aktualna.md",
      "size_bytes": 15803,
      "sha256": "779b987f319918faf3a07279a5b5ed2dba25345755ffb57837a5c05fe01364ec"
    },
    {
      "relpath": "02_LIBRARY/STABILIZACJA_I_OPTYMALIZACJA__BIBLIOTEKA_ROZMOW/ROZMOWA_0006__2026-01-17/WATEK_002__instrukcja_projektu_vneil_aktualna.md",
      "size_bytes": 15535,
      "sha256": "e9b0101abef716d14c1fea5e6d864f7b4a491c23b7f1e18b879845accd4add27"
    },
    {
      "relpath": "02_LIBRARY/STABILIZACJA_I_OPTYMALIZACJA__BIBLIOTEKA_ROZMOW/ROZMOWA_0006__2026-01-17/WATEK_003__w_1_p_0_archiwum_zamrozone.md",
      "size_bytes": 2415,
      "sha256": "92bdbf6120fc6c8eee18cc6bd5aab07b7ed93a8ffb60bde0b6f2bb4d287f0f5c"
    },
    {
      "relpath": "02_LIBRARY/STABILIZACJA_I_OPTYMALIZACJA__BIBLIOTEKA_ROZMOW/ROZMOWA_0006__2026-01-17/WATEK_004__ontologia_svne_wersja_prawna.md",
      "size_bytes": 3424,
      "sha256": "b83a00c5fed6902e83f51ed155d41f362ecbcdf5fbd7df0b1ea3155c3851528e"
    },
    {
      "relpath": "02_LIBRARY/STABILIZACJA_I_OPTYMALIZACJA__BIBLIOTEKA_ROZMOW/ROZMOWA_0006__2026-01-17/WATEK_005__mapa_argumentacji_spornej_ip_pl_ue_pct.md",
      "size_bytes": 2512,
      "sha256": "d0ff0dd27c3a3819582114b593f297b85c2341728e7de96d1d65b024cb511752"
    },
    {
      "relpath": "02_LIBRARY/STABILIZACJA_I_OPTYMALIZACJA__BIBLIOTEKA_ROZMOW/ROZMOWA_0006__2026-01-17/WATEK_006__instrukcja_projektu_vneil_snapshot_filing_ready.md",
      "size_bytes": 2035,
      "sha256": "38e4bcc7e657771c985fe46ec686b6c192e3db840cfc1451de330286eff30145"
    },
    {
      "relpath": "02_LIBRARY/STABILIZACJA_I_OPTYMALIZACJA__BIBLIOTEKA_ROZMOW/ROZMOWA_0006__2026-01-17/WATEK_007__instrukcja_projektu_vneil_snapshot_filing_ready.md",
      "size_bytes": 1767,
      "sha256": "2e42cddc6fb43fcd4ff77098d67833543c2f3cbacfa1d0d84b42d42b24516769"
    },
    {
      "relpath": "02_LIBRARY/STABILIZACJA_I_OPTYMALIZACJA__BIBLIOTEKA_ROZMOW/ROZMOWA_0006__2026-01-17/WATEK_008__tryby_myslenia_ai_vneil_eil_core.md",
      "size_bytes": 4411,
      "sha256": "2168e532783ed347c28925a3dc49de0600ceac5ce9d12452863668e268594576"
    },
    {
      "relpath": "02_LIBRARY/STABILIZACJA_I_OPTYMALIZACJA__BIBLIOTEKA_ROZMOW/ROZMOWA_0006__2026-01-17/WATEK_009__tryby_myslenia_ai_vneil_eil_core.md",
      "size_bytes": 4143,
      "sha256": "7ff2aa4ccf63e6ac547add47d4c7e68895cb86e609a502ee9caca6c59c7e5cd4"
    },
    {
      "relpath": "02_LIBRARY/STABILIZACJA_I_OPTYMALIZACJA__BIBLIOTEKA_ROZMOW/ROZMOWA_0006__2026-01-17/WATEK_010__hipotezy_procesowe_vneil_eil_ai.md",
      "size_bytes": 4929,
      "sha256": "ff148117dcd37058793cee6578384412bb79040b65805b74a3b881e98c915fa5"
    },
    {
      "relpath": "02_LIBRARY/STABILIZACJA_I_OPTYMALIZACJA__BIBLIOTEKA_ROZMOW/ROZMOWA_0006__2026-01-17/WATEK_011__hipotezy_procesowe_vneil_eil_ai_cz_2.md",
      "size_bytes": 7177,
      "sha256": "2567cb8425e820acf63dfccdb04eab4710f4e3fbc959c68b1184222c6bf52e7a"
    },
    {
      "relpath": "02_LIBRARY/STABILIZACJA_I_OPTYMALIZACJA__BIBLIOTEKA_ROZMOW/ROZMOWA_0006__2026-01-17/WATEK_012__hipotezy_procesowe_vneil_eil_ai_cz_3.md",
      "size_bytes": 7177,
      "sha256": "dcd3e3020259381219d6300e444eeb40cc363d16d789943bfe6b48d72804c689"
    },
    {
      "relpath": "02_LIBRARY/STABILIZACJA_I_OPTYMALIZACJA__BIBLIOTEKA_ROZMOW/ROZMOWA_0006__2026-01-17/WATEK_013__cometlab_meta_constitution_cream_de_la_cream.md",
      "size_bytes": 4267,
      "sha256": "2f62781a874d8cd5f2dc9b63dcf41c2160b202a56bedaa888f65b906e6469c90"
    },
    {
      "relpath": "02_LIBRARY/STABILIZACJA_I_OPTYMALIZACJA__BIBLIOTEKA_ROZMOW/ROZMOWA_0006__2026-01-17/WATEK_014__cometlab_meta_constitution_cream_de_la_cream.md",
      "size_bytes": 3999,
      "sha256": "c0fb125bb486e57842b32d96d126b87bbea0ebdffb919456210011ad61469fe0"
    },
    {
      "relpath": "02_LIBRARY/STABILIZACJA_I_OPTYMALIZACJA__BIBLIOTEKA_ROZMOW/ROZMOWA_0006__2026-01-17/WATEK_015__mapa_cywilizacyjna_0_500_lat.md",
      "size_bytes": 3451,
      "sha256": "5ac1a781b558a33bd45034d103be83a87203a15d38ced3c185f8e636be17b222"
    },
    {
      "relpath": "02_LIBRARY/STABILIZACJA_I_OPTYMALIZACJA__BIBLIOTEKA_ROZMOW/ROZMOWA_0006__2026-01-17/WATEK_016__mapa_cywilizacyjna_0_500_lat_zamrozona_depot.md",
      "size_bytes": 2097,
      "sha256": "caf09a1bed4862ab8b71672a205c263252258ff68ff9977220dd23aa9f8ca94a"
    },
    {
      "relpath": "02_LIBRARY/STABILIZACJA_I_OPTYMALIZACJA__BIBLIOTEKA_ROZMOW/ROZMOWA_0006__2026-01-17/WATEK_017__mapa_cywilizacyjna_500_2000_lat.md",
      "size_bytes": 3237,
      "sha256": "5a7ca309cfb8efc8721d3f8a18559e8b506f13ee03f4e8c081d894a1addbd8aa"
    },
    {
      "relpath": "02_LIBRARY/STABILIZACJA_I_OPTYMALIZACJA__BIBLIOTEKA_ROZMOW/ROZMOWA_0006__2026-01-17/WATEK_018__mapa_bledow_egzystencjalnych.md",
      "size_bytes": 4640,
      "sha256": "46335e82f02b086d02484228c17fe1383d0d008f70151eb464b81f7672c3d591"
    },
    {
      "relpath": "02_LIBRARY/STABILIZACJA_I_OPTYMALIZACJA__BIBLIOTEKA_ROZMOW/ROZMOWA_0006__2026-01-17/WATEK_019__pakiet_depozytowy_pelne_kontinuum_0_infinity.md",
      "size_bytes": 3359,
      "sha256": "7d83b8f87049754d81135f9b6ab04a2adafb7e51dbe1c6f4575aea0af9e7dfde"
    },
    {
      "relpath": "02_LIBRARY/STABILIZACJA_I_OPTYMALIZACJA__BIBLIOTEKA_ROZMOW/ROZMOWA_0006__2026-01-17/WATEK_020__iteracja_ii_ksiega_korekty.md",
      "size_bytes": 4335,
      "sha256": "006b48c5f7eebbb17747f022319d6bdfe56f52b9b876402e33c81fee991772b2"
    },
    {
      "relpath": "02_LIBRARY/STABILIZACJA_I_OPTYMALIZACJA__BIBLIOTEKA_ROZMOW/ROZMOWA_0006__2026-01-17/WATEK_021__iteracja_iii_graniczna.md",
      "size_bytes": 3200,
      "sha256": "2b6a2b703afc0d8cc487ac3de98966a18b6d219bf72282dc468b73321b1b1ed3"
    },
    {
      "relpath": "02_LIBRARY/STABILIZACJA_I_OPTYMALIZACJA__BIBLIOTEKA_ROZMOW/ROZMOWA_0006__2026-01-17/WATEK_022__iteracja_iii_concept_teoretyczny.md",
      "size_bytes": 3750,
      "sha256": "803a279056fd1673763d48a741c242c15fad7862aaf0d417208a6388796bb313"
    },
    {
      "relpath": "02_LIBRARY/STABILIZACJA_I_OPTYMALIZACJA__BIBLIOTEKA_ROZMOW/ROZMOWA_0006__2026-01-17/WATEK_023__iteracja_iii_porownanie_teoretyczne.md",
      "size_bytes": 4689,
      "sha256": "1dd84f34c2adea1fd90602537f1fbf8a5f52ebb3cc144b07da40f498629f6e21"
    },
    {
      "relpath": "02_LIBRARY/STABILIZACJA_I_OPTYMALIZACJA__BIBLIOTEKA_ROZMOW/ROZMOWA_0006__2026-01-17/WATEK_024__iteracja_iii_formalizacja_logiczna.md",
      "size_bytes": 5732,
      "sha256": "6b99a98b0540c00fda82326f82e00f1266f7499e40f6cd6ff35038af1e16827a"
    },
    {
      "relpath": "02_LIBRARY/STABILIZACJA_I_OPTYMALIZACJA__BIBLIOTEKA_ROZMOW/ROZMOWA_0007__2026-01-18/WATEK_001__mapa_patentowa_co_tak_co_nigdy.md",
      "size_bytes": 5108,
      "sha256": "4b4ba4b6f175546aacccb376aae1120523ecb802bb4eb50d0af58e335380e6db"
    },
    {
      "relpath": "02_LIBRARY/STABILIZACJA_I_OPTYMALIZACJA__BIBLIOTEKA_ROZMOW/ROZMOWA_0007__2026-01-18/WATEK_002__mapa_patentowa_co_tak_co_nigdy.md",
      "size_bytes": 4840,
      "sha256": "5287e3f350fb25da7c981be296a8e3d7cd38980e59899be4bfec226810c951db"
    },
    {
      "relpath": "02_LIBRARY/STABILIZACJA_I_OPTYMALIZACJA__BIBLIOTEKA_ROZMOW/ROZMOWA_0007__2026-01-18/WATEK_003__vneil_pakiet_patentowy.md",
      "size_bytes": 1939,
      "sha256": "e169a1a6e4cac18341437415ad67b1c2d75969c3f9d82186a579844643c5c8e4"
    },
    {
      "relpath": "02_LIBRARY/STABILIZACJA_I_OPTYMALIZACJA__BIBLIOTEKA_ROZMOW/ROZMOWA_0007__2026-01-18/WATEK_004__svne_kroniki_patentu_zero.md",
      "size_bytes": 2238,
      "sha256": "6c47d466a2d6ed5662b2424f9092ae9293ccfb64bb4e260fbd95f86f5836596b"
    },
    {
      "relpath": "02_LIBRARY/STABILIZACJA_I_OPTYMALIZACJA__BIBLIOTEKA_ROZMOW/ROZMOWA_0007__2026-01-18/WATEK_005__tryb_tworca.md",
      "size_bytes": 21817,
      "sha256": "e73f60ae959db737f32e1d9e57dd1ea730949d3a1014191337a73afe32e5940c"
    },
    {
      "relpath": "02_LIBRARY/STABILIZACJA_I_OPTYMALIZACJA__BIBLIOTEKA_ROZMOW/ROZMOWA_0007__2026-01-18/WATEK_006__tryb_tworca.md",
      "size_bytes": 21549,
      "sha256": "81ea678162001de1237f7125c3d63847fa5807b2528e9e2ac47e57b9b4fbb990"
    },
    {
      "relpath": "02_LIBRARY/STABILIZACJA_I_OPTYMALIZACJA__BIBLIOTEKA_ROZMOW/ROZMOWA_0007__2026-01-18/WATEK_007__slownik_ciemnej_wiedzy.md",
      "size_bytes": 2553,
      "sha256": "d4480ec3eec0c92710cadbce43b0cd976d5e0078129be5d887541eb96afa5852"
    },
    {
      "relpath": "02_LIBRARY/STABILIZACJA_I_OPTYMALIZACJA__BIBLIOTEKA_ROZMOW/ROZMOWA_0007__2026-01-18/WATEK_008__slownik_ciemnej_wiedzy.md",
      "size_bytes": 2285,
      "sha256": "c7d16f64887fc7a94998d636e16e2f0d57b9d6d8dd0abef254bddf5bda8e4bc1"
    },
    {
      "relpath": "02_LIBRARY/STABILIZACJA_I_OPTYMALIZACJA__BIBLIOTEKA_ROZMOW/ROZMOWA_0007__2026-01-18/WATEK_009__mapowanie_pojecie_decyzja_patent_negocjacja.md",
      "size_bytes": 1993,
      "sha256": "0765128decd18fe1a2381830743a47f36ef44021bdf854734878ebd3a6d79a25"
    },
    {
      "relpath": "02_LIBRARY/STABILIZACJA_I_OPTYMALIZACJA__BIBLIOTEKA_ROZMOW/ROZMOWA_0007__2026-01-18/WATEK_010__mapowanie_pojecie_decyzja_patent_negocjacja.md",
      "size_bytes": 1725,
      "sha256": "b7c36fcdb0e09402a1cf3b6c597d4c1fac23cc041b20276f21b008251963e66d"
    },
    {
      "relpath": "02_LIBRARY/STABILIZACJA_I_OPTYMALIZACJA__BIBLIOTEKA_ROZMOW/ROZMOWA_0007__2026-01-18/WATEK_011__full_matrix_24_pojecia.md",
      "size_bytes": 3717,
      "sha256": "894b4f5d39692e2fcb4cca87a5faed888e75515c1a2f8c1c7fa1c250cc5ca587"
    },
    {
      "relpath": "02_LIBRARY/STABILIZACJA_I_OPTYMALIZACJA__BIBLIOTEKA_ROZMOW/ROZMOWA_0007__2026-01-18/WATEK_012__full_matrix_24_pojecia.md",
      "size_bytes": 3449,
      "sha256": "1d3d762c65914a4c3b1dfb8a48ed2e3d6b8f4517cab42d7c8c0fd9523dcd074b"
    },
    {
      "relpath": "02_LIBRARY/STABILIZACJA_I_OPTYMALIZACJA__BIBLIOTEKA_ROZMOW/ROZMOWA_0007__2026-01-18/WATEK_013__full_matrix_49_fazy.md",
      "size_bytes": 5161,
      "sha256": "0bb681993c60f145dd33ae1869529dc4b85157c556da9b5e9f85d32fe5b85225"
    },
    {
      "relpath": "02_LIBRARY/STABILIZACJA_I_OPTYMALIZACJA__BIBLIOTEKA_ROZMOW/ROZMOWA_0007__2026-01-18/WATEK_014__full_matrix_49_fazy.md",
      "size_bytes": 4893,
      "sha256": "bf6948ec2a6cdf908e558db6ef6d7cdb447f9e4fdb2171c0678c8224946937de"
    },
    {
      "relpath": "02_LIBRARY/STABILIZACJA_I_OPTYMALIZACJA__BIBLIOTEKA_ROZMOW/ROZMOWA_0007__2026-01-18/WATEK_015__macierz_personalna_partnerzy.md",
      "size_bytes": 2225,
      "sha256": "ccaa753f1366322067e9bb2ee5ae6a6ef5aca6d763926e4cff7b03cb4e7320c0"
    },
    {
      "relpath": "02_LIBRARY/STABILIZACJA_I_OPTYMALIZACJA__BIBLIOTEKA_ROZMOW/ROZMOWA_0007__2026-01-18/WATEK_016__macierz_personalna_partnerzy.md",
      "size_bytes": 1957,
      "sha256": "2524d28391ffa1eda9fbe4e8beb5dff24f2d90f1e20bf92128cd0b4d179ae9e0"
    },
    {
      "relpath": "02_LIBRARY/STABILIZACJA_I_OPTYMALIZACJA__BIBLIOTEKA_ROZMOW/ROZMOWA_0007__2026-01-18/WATEK_017__macierz_personalna_2_0.md",
      "size_bytes": 3034,
      "sha256": "7069a60cde1ef70666178c31b0dbfb21237a97d17c22720ac05df806a625daf4"
    },
    {
      "relpath": "02_LIBRARY/STABILIZACJA_I_OPTYMALIZACJA__BIBLIOTEKA_ROZMOW/ROZMOWA_0007__2026-01-18/WATEK_018__macierz_personalna_2_0.md",
      "size_bytes": 2766,
      "sha256": "36cd6b03da487372e8596ca995b16b1f997f559cc8da34968717bac0956d6e11"
    },
    {
      "relpath": "02_LIBRARY/STABILIZACJA_I_OPTYMALIZACJA__BIBLIOTEKA_ROZMOW/ROZMOWA_0007__2026-01-18/WATEK_019__macierz_personalna_3_0.md",
      "size_bytes": 1732,
      "sha256": "b43673c6467de7c03dcc95dc8eb412149ce9a13dd906e21642e32b0319c51ce2"
    },
    {
      "relpath": "02_LIBRARY/STABILIZACJA_I_OPTYMALIZACJA__BIBLIOTEKA_ROZMOW/ROZMOWA_0007__2026-01-18/WATEK_020__macierz_personalna_3_0.md",
      "size_bytes": 1464,
      "sha256": "cc91fb8416cc4b06faa8e3338ddcfa771d434f36dd459ca6ae586b169c1c9e2a"
    },
    {
      "relpath": "02_LIBRARY/STABILIZACJA_I_OPTYMALIZACJA__BIBLIOTEKA_ROZMOW/ROZMOWA_0007__2026-01-18/WATEK_021__manifest_tworcy.md",
      "size_bytes": 4076,
      "sha256": "8280c3d12f5876ddb949f5f79aab1ac2f28dc18f5a83244ff0979b6a5f639dbc"
    },
    {
      "relpath": "02_LIBRARY/STABILIZACJA_I_OPTYMALIZACJA__BIBLIOTEKA_ROZMOW/ROZMOWA_0007__2026-01-18/WATEK_022__manifest_tworcy.md",
      "size_bytes": 3808,
      "sha256": "fb3a3363bc890b9b7e9536b312046c827bdb90e32c664f34d295ed0196cbec6a"
    },
    {
      "relpath": "02_LIBRARY/STABILIZACJA_I_OPTYMALIZACJA__BIBLIOTEKA_ROZMOW/ROZMOWA_0007__2026-01-18/WATEK_023__playbook_tworcy_1_strona_md.md",
      "size_bytes": 3519,
      "sha256": "7b07fa506117fc8f1400dc8c0d6c91bb4c7346bc48d65bbf4e5212bf4856c553"
    },
    {
      "relpath": "02_LIBRARY/STABILIZACJA_I_OPTYMALIZACJA__BIBLIOTEKA_ROZMOW/ROZMOWA_0007__2026-01-18/WATEK_024__playbook_tworcy_1_strona_md.md",
      "size_bytes": 3251,
      "sha256": "d76576224365d2a907afcc7adf7b46f842975b695ab05d34704c531f9c60bfae"
    },
    {
      "relpath": "02_LIBRARY/STABILIZACJA_I_OPTYMALIZACJA__BIBLIOTEKA_ROZMOW/ROZMOWA_0007__2026-01-18/WATEK_025__playbook_tworcy_linia_patentowa_p1e_p1sigil.md",
      "size_bytes": 4549,
      "sha256": "be2aa50ed6596a221235a532aa76e6564d0de7d097e2ab90afbb21b3c9cf2289"
    },
    {
      "relpath": "02_LIBRARY/STABILIZACJA_I_OPTYMALIZACJA__BIBLIOTEKA_ROZMOW/ROZMOWA_0007__2026-01-18/WATEK_026__playbook_tworcy_linia_patentowa_p1e_p1sigil.md",
      "size_bytes": 4281,
      "sha256": "76cc797b68e9e9f80e2e9d0f96b8f6f354ebe1a2e97fc9f9c9518789b50b9268"
    },
    {
      "relpath": "02_LIBRARY/STABILIZACJA_I_OPTYMALIZACJA__BIBLIOTEKA_ROZMOW/ROZMOWA_0007__2026-01-18/WATEK_027__ip_nda_mapowanie_projekt_w.md",
      "size_bytes": 4319,
      "sha256": "f21a3e622726dc8ec7a101837cb07410aff487fce76956f0f7b34995a8bde0ab"
    },
    {
      "relpath": "02_LIBRARY/STABILIZACJA_I_OPTYMALIZACJA__BIBLIOTEKA_ROZMOW/ROZMOWA_0007__2026-01-18/WATEK_028__ip_nda_mapowanie_projekt_w.md",
      "size_bytes": 4051,
      "sha256": "f7efeb0bf54d9a87081f63b3f8944bc9edcee2c4db1e2072bf77f74059dd3da0"
    },
    {
      "relpath": "02_LIBRARY/STABILIZACJA_I_OPTYMALIZACJA__BIBLIOTEKA_ROZMOW/ROZMOWA_0007__2026-01-18/WATEK_029__pakiet_standardy_mapa_36m_inwestor.md",
      "size_bytes": 1838,
      "sha256": "c15852f83579c380fc705ff1ba635ac1c58f394e39af4d9b70c0e3d0b0538d1c"
    },
    {
      "relpath": "02_LIBRARY/STABILIZACJA_I_OPTYMALIZACJA__BIBLIOTEKA_ROZMOW/ROZMOWA_0007__2026-01-18/WATEK_030__archiwum_czatu_bank_grade.md",
      "size_bytes": 1424,
      "sha256": "eb8d44c022347349b05b1d6d3301b04fa9f56ca0ced88401aee375e802ce24c1"
    },
    {
      "relpath": "02_LIBRARY/STABILIZACJA_I_OPTYMALIZACJA__BIBLIOTEKA_ROZMOW/ROZMOWA_0007__2026-01-18/WATEK_031__biblioteka_algorytmow_myslenia_svne.md",
      "size_bytes": 4101,
      "sha256": "a5a1c783111f2c334462477e4d9c2b3e9211d9e55acdaa27d964df57f02c4b46"
    },
    {
      "relpath": "02_LIBRARY/STABILIZACJA_I_OPTYMALIZACJA__BIBLIOTEKA_ROZMOW/ROZMOWA_0007__2026-01-18/WATEK_032__mapowanie_svne_na_eil_ai_i_svne_decision_engine.md",
      "size_bytes": 5837,
      "sha256": "4a64abb172c3e496b83e901d9d38e9c591ddd4d0413f1eaa96bf38474c264afb"
    },
    {
      "relpath": "02_LIBRARY/STABILIZACJA_I_OPTYMALIZACJA__BIBLIOTEKA_ROZMOW/ROZMOWA_0007__2026-01-18/WATEK_033__svne_konstytucja_decyzyjna_0_20l.md",
      "size_bytes": 3761,
      "sha256": "b0aa699fdf7a352fb9a233c937c42946b27d74347194aae0877ebd77c4855601"
    },
    {
      "relpath": "02_LIBRARY/STABILIZACJA_I_OPTYMALIZACJA__BIBLIOTEKA_ROZMOW/ROZMOWA_0007__2026-01-18/WATEK_034__architektura_eil_ai_warstwy_i_przeplywy.md",
      "size_bytes": 2740,
      "sha256": "f73b69b3a865a15f5a9de3c53f90956cfeb048306b9f7fa5e5e191f761250ad3"
    },
    {
      "relpath": "02_LIBRARY/STABILIZACJA_I_OPTYMALIZACJA__BIBLIOTEKA_ROZMOW/ROZMOWA_0007__2026-01-18/WATEK_035__svne_material_library_1000.md",
      "size_bytes": 4206,
      "sha256": "707ba890d9aacbfa90d3998a48d5ffc7889dcc65212a34d07613c0604450c8ba"
    },
    {
      "relpath": "02_LIBRARY/STABILIZACJA_I_OPTYMALIZACJA__BIBLIOTEKA_ROZMOW/ROZMOWA_0007__2026-01-18/WATEK_036__svne_global_patent_library.md",
      "size_bytes": 4543,
      "sha256": "af0b8c304d04765556a9fdda50195f0b1371da35371af8e89e49fcf1d23099c6"
    },
    {
      "relpath": "02_LIBRARY/STABILIZACJA_I_OPTYMALIZACJA__BIBLIOTEKA_ROZMOW/ROZMOWA_0007__2026-01-18/WATEK_037__svne_unknown_obvious_patent_library.md",
      "size_bytes": 4905,
      "sha256": "954eca608289c7cf8d0d103021fbaa4500b0fb00cfcc79c7c1cc98d76f6d0624"
    },
    {
      "relpath": "02_LIBRARY/STABILIZACJA_I_OPTYMALIZACJA__BIBLIOTEKA_ROZMOW/ROZMOWA_0007__2026-01-18/WATEK_038__svne_ai_gadgets_patent_library.md",
      "size_bytes": 4779,
      "sha256": "8c74485a1508180f8cc80b42b029d5d364cac7c166df0873d24a2fdf0278a28e"
    },
    {
      "relpath": "02_LIBRARY/STABILIZACJA_I_OPTYMALIZACJA__BIBLIOTEKA_ROZMOW/ROZMOWA_0007__2026-01-18/WATEK_039__svne_ar_vr_hologram_ai_patent_library.md",
      "size_bytes": 5165,
      "sha256": "671112d09549309696661a877db548ed7cbc7cb8e15dce99039acc59977219c6"
    },
    {
      "relpath": "02_LIBRARY/STABILIZACJA_I_OPTYMALIZACJA__BIBLIOTEKA_ROZMOW/ROZMOWA_0007__2026-01-18/WATEK_040__svne_biblioteki_materialowe.md",
      "size_bytes": 1524,
      "sha256": "d31677a639d43ed345a20a7198f411c489f064d060af2f83ed426a787327b1e2"
    },
    {
      "relpath": "02_LIBRARY/STABILIZACJA_I_OPTYMALIZACJA__BIBLIOTEKA_ROZMOW/ROZMOWA_0007__2026-01-18/WATEK_041__svne_micro_environment_alpha_demo.md",
      "size_bytes": 4239,
      "sha256": "f3f3a10067961526813bde960b3b8b81b7c79bd10054880e7e71884e3c16e361"
    },
    {
      "relpath": "02_LIBRARY/STABILIZACJA_I_OPTYMALIZACJA__BIBLIOTEKA_ROZMOW/ROZMOWA_0007__2026-01-18/WATEK_042__konstytucja_materialowa_svne.md",
      "size_bytes": 2358,
      "sha256": "5f3e50bd46979a3e0acf08ac8671da7d94e4d5d605e1131bd6b95d7837071bbd"
    },
    {
      "relpath": "02_LIBRARY/STABILIZACJA_I_OPTYMALIZACJA__BIBLIOTEKA_ROZMOW/ROZMOWA_0007__2026-01-18/WATEK_043__konstytucja_vneil_aktualizacja_projektowa_po_14_01_2026r.md",
      "size_bytes": 5053,
      "sha256": "31d86ed2196a5e14df0a0e022371959a395bcb9a3ada62d0b1c123a54851319e"
    },
    {
      "relpath": "02_LIBRARY/STABILIZACJA_I_OPTYMALIZACJA__BIBLIOTEKA_ROZMOW/ROZMOWA_0007__2026-01-18/WATEK_044__konstytucja_vneil_aktualizacja_projektowa_po_14_01_2026r.md",
      "size_bytes": 4785,
      "sha256": "2f7a01e65fe6550e6bff2c7b62e6b15c4f3d02b1afbf96405188b09d6758c5e3"
    },
    {
      "relpath": "02_LIBRARY/STABILIZACJA_I_OPTYMALIZACJA__BIBLIOTEKA_ROZMOW/ROZMOWA_0007__2026-01-18/WATEK_045__patent_set_p_1_e_pmmd_1_psigil_1.md",
      "size_bytes": 12791,
      "sha256": "5f7a2aa636b5b7a1db396bc3447a4042b698d5fc8a67d65151d48fb96e3c0c82"
    },
    {
      "relpath": "02_LIBRARY/STABILIZACJA_I_OPTYMALIZACJA__BIBLIOTEKA_ROZMOW/ROZMOWA_0007__2026-01-18/WATEK_046__patent_set_p_1_e_pmmd_1_psigil_1.md",
      "size_bytes": 12523,
      "sha256": "ad2d8fa4b76b2bd05357725eacbeb66cfa7ea0b1d54d817aaf7cf95f010b127c"
    },
    {
      "relpath": "02_LIBRARY/STABILIZACJA_I_OPTYMALIZACJA__BIBLIOTEKA_ROZMOW/ROZMOWA_0008__2026-01-21/WATEK_001__svne_meta_sim_single_file_live.md",
      "size_bytes": 3958,
      "sha256": "e991042f96b76ad02706ccb6bb0c93b5e1422313f6b7a67f325588de98128222"
    },
    {
      "relpath": "02_LIBRARY/STABILIZACJA_I_OPTYMALIZACJA__BIBLIOTEKA_ROZMOW/ROZMOWA_0008__2026-01-21/WATEK_002__prosba_chronologiczna_biblioteka_rozmow_zip.md",
      "size_bytes": 855,
      "sha256": "a82f44589b1f1d1223fdcf849780af6ff0a5d1da03e6110f9b491e34a035ed9a"
    },
    {
      "relpath": "02_LIBRARY/STABILIZACJA_I_OPTYMALIZACJA__BIBLIOTEKA_ROZMOW/ROZMOWA_0009__2026-01-25/WATEK_001__tsvne_plus_konstytucja_i_archiwum.md",
      "size_bytes": 1210,
      "sha256": "c59e401a65bf401bdecc34282a5dc2eb99d08508ef9d2d7027a142323b430ac4"
    },
    {
      "relpath": "03_LEGAL_IP/2026-01-25__ANALIZA_PDF__TSVNE=LEGAL_IP__WAZNE.md",
      "size_bytes": 2425,
      "sha256": "d0d2e6011687cfbc20ffae1875dcbb75699daf53d446904fa5f1150f459d58ec"
    },
    {
      "relpath": "04_SSOT/2026-01-25__MAPA_SORTOWANIA_I_SSOT__TSVNE=SSOT__WAZNE.md",
      "size_bytes": 1333,
      "sha256": "0e1cd7ffee3fcbc1891b0e0e3749b7b48142f26c4fe2660c3e031e1dbe86f741"
    },
    {
      "relpath": "06_OPERATIONS/2026-01-25__PLAN_MIGRACJI__TSVNE=OPERATIONS__WAZNE.md",
      "size_bytes": 913,
      "sha256": "3291aefd44ddd73c0ad4b460d1275b48aaa15983e7943c743c086f9f6a69f61b"
    }
  ]
}