{
  "generated_utc": "2026-01-25T04:13:51.004282Z",
  "root": "TSVNE_PLATFORM_AGENT_GOTOWIEC_MAX__2026-01-25__ARKADIUSZ_LEJSZO__WAZNE",
  "files": [
    {
      "relpath": "00_GOVERNANCE/2026-01-25__KONSTYTUCJA_TSVNE_PLUS_v1.1.0_MASTER__TSVNE=SSOT__WAZNE.md",
      "size_bytes": 5545,
      "sha256": "d2b06205470329f845af9318485648600db6c70cf30c955042e8302caeadcc08"
    },
    {
      "relpath": "00_GOVERNANCE/2026-01-25__KONSTYTUCJA_TSVNE_PLUS_v1.2.0_MASTER__ARKADIUSZ_LEJSZO__WAZNE.md",
      "size_bytes": 995,
      "sha256": "4c769ac355cc03c80134d267fd041f7876e11a1124fcc2b1e49c3c08c30938dc"
    },
    {
      "relpath": "00_GOVERNANCE/2026-01-25__MANIFEST_TWORCY__ARKADIUSZ_LEJSZO__LEGAL_FIRST__WAZNE.md",
      "size_bytes": 500,
      "sha256": "37ec99fd264fd95329ebd657ff5091249ea23ac0b9ff7cc767903ba26a1b5ffb"
    },
    {
      "relpath": "00_README/00_PACK_README_MAX.md",
      "size_bytes": 347,
      "sha256": "76e835269d34365cf598acc43973d6f5fb2a149a6535bc49d897e04ff47f2cab"
    },
    {
      "relpath": "00_README/2026-01-25__KONTEKST_NAZWY_PLIKU_EXPORT_CHATGPT__TSVNE=SSOT__WAZNE.md",
      "size_bytes": 771,
      "sha256": "969f1bc311feea565fbbaf0a56489683200d21a6f3e50f94eeb34cd15e98a549"
    },
    {
      "relpath": "00_README/2026-01-25__MANIFEST_WEJSCIA__TSVNE=SSOT__WAZNE.md",
      "size_bytes": 1540,
      "sha256": "37f825df57aab1cbaa296df8f3ced45a832bae8eb0aa8de9b32ee1dd4219dab8"
    },
    {
      "relpath": "00_README/2026-01-25__MANIFEST_WEJSCIA_v3__TSVNE=SSOT__WAZNE.md",
      "size_bytes": 1347,
      "sha256": "546e5c754275259667b47a234749008a8255ef06230c8da0ac2508e39135b4f6"
    },
    {
      "relpath": "00_README/2026-01-25__README_VNEIL_AL__TSVNE=SSOT__WAZNE.md",
      "size_bytes": 2268,
      "sha256": "a00e98c845a00643c774b3e7fc9a218b1f0d90a350f8f8c479648b03d40ed5b1"
    },
    {
      "relpath": "00_README/MANIFEST_OUTPUT.json",
      "size_bytes": 36382,
      "sha256": "7a06f32e4c67da2e74be41ceb3e61745d165eb6351f37b6c5d1a7790e8788ca0"
    },
    {
      "relpath": "00_README/MANIFEST_OUTPUT.sha256",
      "size_bytes": 25992,
      "sha256": "8be200955efc9ebf063d878dc56b10bb0964f415ca8b4cdafb9513b990a12652"
    },
    {
      "relpath": "01_BOSON0/2026-01-25__ANALIZA_BOSON0__TSVNE=BOSON-ABSOLUT__WAZNE.md",
      "size_bytes": 1785,
      "sha256": "704d5e7d6412fb983e5adefda89c6f2fef2c1d2260575296df9052a71ba26e2d"
    },
    {
      "relpath": "02_AUDYT/2026-01-25__ANALIZA_BOSON_ARCHIVE_LISTING__TSVNE=BOSON-ABSOLUT__WAZNE.md",
      "size_bytes": 1961,
      "sha256": "01518363f9e6c21882fc426cc74cb6e39b2365d20cb807eefea4c2614cf0a86d"
    },
    {
      "relpath": "02_AUDYT/2026-01-25__ANALIZA_SVNE_CONSOLIDATED__TSVNE=SSOT__WAZNE.md",
      "size_bytes": 7711,
      "sha256": "fdaafafa15a8a8531ad09d7c778d83dc4f8e91b28344be1222218037cc4cb14f"
    },
    {
      "relpath": "02_LIBRARY/2026-01-25__INDEX_BIBLIOTEKI__TSVNE=SSOT__WAZNE.md",
      "size_bytes": 380,
      "sha256": "7232685351d06f5022523911c8c50628f34cd887a90a7fa4cb377dd0f6e10115"
    },
    {
      "relpath": "02_LIBRARY/CHATGPT_EXPORT__PODSTAWA/00_GLOBAL_SUMMARY.md",
      "size_bytes": 470,
      "sha256": "079b286faf38cae38627d7a8d579eda0f60f11b7a7bbfa83e9e1ef6be652832a"
    },
    {
      "relpath": "02_LIBRARY/CHATGPT_EXPORT__PODSTAWA/00_INDEX.md",
      "size_bytes": 15766,
      "sha256": "f9c99b28a2f7dee3cbc45fe2defa33b514a327f670739ab563e335ae560cd297"
    },
    {
      "relpath": "02_LIBRARY/CHATGPT_EXPORT__PODSTAWA/ROZMOWA_0001__2026-01-18/2026-01-18__opis_załadowanych_plików.md",
      "size_bytes": 60716,
      "sha256": "ff7ae7e6a9432a089effc8bc31a92e55a9b7a83d8b877da5d77c388fee87bcb4"
    },
    {
      "relpath": "02_LIBRARY/CHATGPT_EXPORT__PODSTAWA/ROZMOWA_0001__2026-01-18/2026-01-18__opis_załadowanych_plików__assistant_only.md",
      "size_bytes": 57090,
      "sha256": "3e4402992d7d33d3e0d3bbaa109ca522d5b54d5bceaba9a0f232af8e69153acd"
    },
    {
      "relpath": "02_LIBRARY/CHATGPT_EXPORT__PODSTAWA/ROZMOWA_0002__2026-01-18/2026-01-18__kosmos_technologia_statki.md",
      "size_bytes": 205124,
      "sha256": "34222e3c7f18eebbd9303cf243283f458d282368ca106154eb7d41c7fb24448b"
    },
    {
      "relpath": "02_LIBRARY/CHATGPT_EXPORT__PODSTAWA/ROZMOWA_0002__2026-01-18/2026-01-18__kosmos_technologia_statki__assistant_only.md",
      "size_bytes": 202691,
      "sha256": "644a5a95b13f58bdd19146b331c29f5225124f06fff0b99cdd2dfeb6236db22b"
    },
    {
      "relpath": "02_LIBRARY/CHATGPT_EXPORT__PODSTAWA/ROZMOWA_0003__2026-01-18/2026-01-18__ewolucyjne_systemy_biologiczne.md",
      "size_bytes": 290318,
      "sha256": "1a8653caa527c11bf9c008a2c4fa38ad8e1013bfdf034da5788711324282727e"
    },
    {
      "relpath": "02_LIBRARY/CHATGPT_EXPORT__PODSTAWA/ROZMOWA_0003__2026-01-18/2026-01-18__ewolucyjne_systemy_biologiczne__assistant_only.md",
      "size_bytes": 281421,
      "sha256": "6e13c271ab2b1a355355447ebdb485c54a704a26eda02c41733d7a80067c2f80"
    },
    {
      "relpath": "02_LIBRARY/CHATGPT_EXPORT__PODSTAWA/ROZMOWA_0004__2026-01-18/2026-01-18__visc_11_up_rp.md",
      "size_bytes": 11947,
      "sha256": "4c1b9b88ed90c36fd0f069e109e209a6ac6641db10d1d0a54400425f3c628e64"
    },
    {
      "relpath": "02_LIBRARY/CHATGPT_EXPORT__PODSTAWA/ROZMOWA_0004__2026-01-18/2026-01-18__visc_11_up_rp__assistant_only.md",
      "size_bytes": 11906,
      "sha256": "3283f148e069e229dcdb4607a09eda820bffd33aae5e83608fe09eb417e3600d"
    },
    {
      "relpath": "02_LIBRARY/CHATGPT_EXPORT__PODSTAWA/ROZMOWA_0005__2026-01-18/2026-01-18__zdefiniowanie_ram_cywilizacji.md",
      "size_bytes": 29769,
      "sha256": "a6cc8596480f0eff1775effede452507ceccc9153d7900054304326b2377fc63"
    },
    {
      "relpath": "02_LIBRARY/CHATGPT_EXPORT__PODSTAWA/ROZMOWA_0005__2026-01-18/2026-01-18__zdefiniowanie_ram_cywilizacji__assistant_only.md",
      "size_bytes": 29503,
      "sha256": "ec5da9f2a2c113778fba49e4696f66009a1db1ee512c7a0193d4f40072d893c5"
    },
    {
      "relpath": "02_LIBRARY/CHATGPT_EXPORT__PODSTAWA/ROZMOWA_0006__2026-01-18/2026-01-18__postęp_a_chaos_technologiczny.md",
      "size_bytes": 138524,
      "sha256": "462417b5eb27acc891e8ec58315fb37ff658d2ce51571709ed56bd87a86296ea"
    },
    {
      "relpath": "02_LIBRARY/CHATGPT_EXPORT__PODSTAWA/ROZMOWA_0006__2026-01-18/2026-01-18__postęp_a_chaos_technologiczny__assistant_only.md",
      "size_bytes": 134468,
      "sha256": "c325619d30d068363134b7aae444ccd0c8361abf1e7a4068762c0d22416c25f0"
    },
    {
      "relpath": "02_LIBRARY/CHATGPT_EXPORT__PODSTAWA/ROZMOWA_0007__2026-01-18/2026-01-18__tryb_eil_ai.md",
      "size_bytes": 7725,
      "sha256": "3f07d559a7ecefd42c1bc1bba21b9ce608c4a05c9c93234d1dadce12e39b46d6"
    },
    {
      "relpath": "02_LIBRARY/CHATGPT_EXPORT__PODSTAWA/ROZMOWA_0007__2026-01-18/2026-01-18__tryb_eil_ai__assistant_only.md",
      "size_bytes": 7677,
      "sha256": "7dd2a8b535bbf11f3b7c75e70d81fe0948ee1075594be3268603c313fee98bf3"
    },
    {
      "relpath": "02_LIBRARY/CHATGPT_EXPORT__PODSTAWA/ROZMOWA_0008__2026-01-18/2026-01-18__perełki_bankowe_pko_bp.md",
      "size_bytes": 53201,
      "sha256": "971d0e7c058d0da6b21f5a0ea992e62c48112ec502de39338f64d3c9095d1dd5"
    },
    {
      "relpath": "02_LIBRARY/CHATGPT_EXPORT__PODSTAWA/ROZMOWA_0008__2026-01-18/2026-01-18__perełki_bankowe_pko_bp__assistant_only.md",
      "size_bytes": 52633,
      "sha256": "3274a92bd51135250acd13f0e8b8034f4c1549d000b3731bec82cd8ffafa1a75"
    },
    {
      "relpath": "02_LIBRARY/CHATGPT_EXPORT__PODSTAWA/ROZMOWA_0009__2026-01-18/2026-01-18__legalne_wejście_do_sp_z_oo.md",
      "size_bytes": 16387,
      "sha256": "c03f1cb7cddae72d851cdf3a36493e901606725e735545463a5edbb74c955d77"
    },
    {
      "relpath": "02_LIBRARY/CHATGPT_EXPORT__PODSTAWA/ROZMOWA_0009__2026-01-18/2026-01-18__legalne_wejście_do_sp_z_oo__assistant_only.md",
      "size_bytes": 16004,
      "sha256": "87e31b672d6f1d0f660ecb5ea850e6b6a9b49257386f348b6d9ea504d8330b6a"
    },
    {
      "relpath": "02_LIBRARY/CHATGPT_EXPORT__PODSTAWA/ROZMOWA_0010__2026-01-18/2026-01-18__zmiana_stroju_postaci.md",
      "size_bytes": 36962,
      "sha256": "905f0a7eb990f4e8c51f2b2b87a2b4259a2aede8e79039dc35a927662a62466b"
    },
    {
      "relpath": "02_LIBRARY/CHATGPT_EXPORT__PODSTAWA/ROZMOWA_0010__2026-01-18/2026-01-18__zmiana_stroju_postaci__assistant_only.md",
      "size_bytes": 34906,
      "sha256": "15b7c941abdfe9b747801b852f5a29df1535f9ac6f0f5034dab34cacdd71f6db"
    },
    {
      "relpath": "02_LIBRARY/CHATGPT_EXPORT__PODSTAWA/ROZMOWA_0011__2026-01-18/2026-01-18__szybki_cashflow_entomologia_aquaponika.md",
      "size_bytes": 5575,
      "sha256": "9451925bdf300e1b33b93fa07af5820a00f5c868f42732ebc22083f1eee65e23"
    },
    {
      "relpath": "02_LIBRARY/CHATGPT_EXPORT__PODSTAWA/ROZMOWA_0011__2026-01-18/2026-01-18__szybki_cashflow_entomologia_aquaponika__assistant_only.md",
      "size_bytes": 5497,
      "sha256": "9a0b2e8a074bba0d79003e888893965e32e441c51171391765098ac330b0d15f"
    },
    {
      "relpath": "02_LIBRARY/CHATGPT_EXPORT__PODSTAWA/ROZMOWA_0012__2026-01-18/2026-01-18__modele_finansowania_z_bankiem.md",
      "size_bytes": 5177,
      "sha256": "e43ef254e750b39b385320dd0e9354918b8f258944986e6f5e30b9171b58adc0"
    },
    {
      "relpath": "02_LIBRARY/CHATGPT_EXPORT__PODSTAWA/ROZMOWA_0012__2026-01-18/2026-01-18__modele_finansowania_z_bankiem__assistant_only.md",
      "size_bytes": 5079,
      "sha256": "2200a3dc00bc115754eb2d9bbcb15f9160835a3accec79b41e083fe421efc1f1"
    },
    {
      "relpath": "02_LIBRARY/CHATGPT_EXPORT__PODSTAWA/ROZMOWA_0013__2026-01-18/2026-01-18__laboratorium_arvrai_xr.md",
      "size_bytes": 78532,
      "sha256": "7592088d54ce8b7164f2cac6d89447f23c28330fdd31ecdb06405fb2902e0464"
    },
    {
      "relpath": "02_LIBRARY/CHATGPT_EXPORT__PODSTAWA/ROZMOWA_0013__2026-01-18/2026-01-18__laboratorium_arvrai_xr__assistant_only.md",
      "size_bytes": 73244,
      "sha256": "f74f923f7f9d80e02934d48fb97b9349d4ff15d3960842cca4f87f5471966a31"
    },
    {
      "relpath": "02_LIBRARY/CHATGPT_EXPORT__PODSTAWA/ROZMOWA_0014__2026-01-18/2026-01-18__nazwy_firm_deep_tech.md",
      "size_bytes": 22965,
      "sha256": "835d82668a10182e929e52cce17f2fc7e246cb072619588b610437dd04c30fbd"
    },
    {
      "relpath": "02_LIBRARY/CHATGPT_EXPORT__PODSTAWA/ROZMOWA_0014__2026-01-18/2026-01-18__nazwy_firm_deep_tech__assistant_only.md",
      "size_bytes": 22619,
      "sha256": "c4f547ef3769b5db6fbceffc8307310b9f60291bcc721b36c489f84ce68c2f9c"
    },
    {
      "relpath": "02_LIBRARY/CHATGPT_EXPORT__PODSTAWA/ROZMOWA_0015__2026-01-19/2026-01-19__gradient_zasolenia_i_energia.md",
      "size_bytes": 2652,
      "sha256": "b75ea06662c1c55e02c3224bb54ee09814e45aad3a6985b4af9e42db2aeaf2e2"
    },
    {
      "relpath": "02_LIBRARY/CHATGPT_EXPORT__PODSTAWA/ROZMOWA_0015__2026-01-19/2026-01-19__gradient_zasolenia_i_energia__assistant_only.md",
      "size_bytes": 2588,
      "sha256": "8da92411bf4c591dbcbe56bac9d1baca30a4984e1950de29b9798099a3c7b964"
    },
    {
      "relpath": "02_LIBRARY/CHATGPT_EXPORT__PODSTAWA/ROZMOWA_0016__2026-01-19/2026-01-19__biblioteka_mdt.md",
      "size_bytes": 2029,
      "sha256": "a3f5be978cb24e04775ed348f2117974ef358ac37fe295d05f3629af71011b1d"
    },
    {
      "relpath": "02_LIBRARY/CHATGPT_EXPORT__PODSTAWA/ROZMOWA_0016__2026-01-19/2026-01-19__biblioteka_mdt__assistant_only.md",
      "size_bytes": 702,
      "sha256": "9602c2f129a6935b1304678c3eebcb9a9a06665f23f5b36d1ccc03a2d6ac00b0"
    },
    {
      "relpath": "02_LIBRARY/CHATGPT_EXPORT__PODSTAWA/ROZMOWA_0017__2026-01-19/2026-01-19__proste_innowacje_technologiczne.md",
      "size_bytes": 22516,
      "sha256": "0f9d18b06df6c88371784f97cca5c7dd9a5b971d5356462d4671dd4c324e6280"
    },
    {
      "relpath": "02_LIBRARY/CHATGPT_EXPORT__PODSTAWA/ROZMOWA_0017__2026-01-19/2026-01-19__proste_innowacje_technologiczne__assistant_only.md",
      "size_bytes": 21936,
      "sha256": "354cb29656fc01f265aeddc2742637a5b1874ab5f504a66517f912962d456eb2"
    },
    {
      "relpath": "02_LIBRARY/CHATGPT_EXPORT__PODSTAWA/ROZMOWA_0018__2026-01-19/2026-01-19__spis_firm_i_energii.md",
      "size_bytes": 13086,
      "sha256": "c18402bb81a9adcbb3692213a613805e1d4edfd52480ec0fe6d248d45b6b4123"
    },
    {
      "relpath": "02_LIBRARY/CHATGPT_EXPORT__PODSTAWA/ROZMOWA_0018__2026-01-19/2026-01-19__spis_firm_i_energii__assistant_only.md",
      "size_bytes": 9420,
      "sha256": "4095e53b75e6148a683c1c68abe83a8a66414da48a24effc93535242d69c8173"
    },
    {
      "relpath": "02_LIBRARY/CHATGPT_EXPORT__PODSTAWA/ROZMOWA_0019__2026-01-19/2026-01-19__meta-architektura_tekstyliów.md",
      "size_bytes": 22355,
      "sha256": "7cd8c28687aab99064d61716b78b4986aebec6fc763e5ad9bad9890a8b330dde"
    },
    {
      "relpath": "02_LIBRARY/CHATGPT_EXPORT__PODSTAWA/ROZMOWA_0019__2026-01-19/2026-01-19__meta-architektura_tekstyliów__assistant_only.md",
      "size_bytes": 20544,
      "sha256": "c2fbc7b5d7943fec78d5c266d3288c0c8f7136bd5b82f98ea9595ea4d6d53634"
    },
    {
      "relpath": "02_LIBRARY/CHATGPT_EXPORT__PODSTAWA/ROZMOWA_0020__2026-01-19/2026-01-19__10_prototypów_do_analizy.md",
      "size_bytes": 14467,
      "sha256": "78d410ada23c81b868fdd904d3bdd6865ed0e1d07197c3a4b0ef6652448b659b"
    },
    {
      "relpath": "02_LIBRARY/CHATGPT_EXPORT__PODSTAWA/ROZMOWA_0020__2026-01-19/2026-01-19__10_prototypów_do_analizy__assistant_only.md",
      "size_bytes": 14099,
      "sha256": "4494f53d8c34dc7e0287b75a912c1b485d5c68cbcf9e6e4d97471d38364f2938"
    },
    {
      "relpath": "02_LIBRARY/CHATGPT_EXPORT__PODSTAWA/ROZMOWA_0021__2026-01-20/2026-01-20__kompozytowy_mózg_z_procesorem.md",
      "size_bytes": 158244,
      "sha256": "d0d8f727f0f318deeb3de3441b5d95e86cead42f8d8f3c16ae7d5eb388d63491"
    },
    {
      "relpath": "02_LIBRARY/CHATGPT_EXPORT__PODSTAWA/ROZMOWA_0021__2026-01-20/2026-01-20__kompozytowy_mózg_z_procesorem__assistant_only.md",
      "size_bytes": 153339,
      "sha256": "6fb83dcc8f5f02ff1467766085f37b5a311e37c4d13d69f1590cc131c5185dbb"
    },
    {
      "relpath": "02_LIBRARY/CHATGPT_EXPORT__PODSTAWA/ROZMOWA_0022__2026-01-20/2026-01-20__p1sigil_patent_request.md",
      "size_bytes": 60925,
      "sha256": "e800f7b73bc2f276c3f094723998da4d03af9ff69d6b64867b86ffd5497792b8"
    },
    {
      "relpath": "02_LIBRARY/CHATGPT_EXPORT__PODSTAWA/ROZMOWA_0022__2026-01-20/2026-01-20__p1sigil_patent_request__assistant_only.md",
      "size_bytes": 52057,
      "sha256": "0160737be475f60780933a76cac89d2695e8371890b136f76a8ad125ebbe447b"
    },
    {
      "relpath": "02_LIBRARY/CHATGPT_EXPORT__PODSTAWA/ROZMOWA_0023__2026-01-20/2026-01-20__patent_na_rozliczanie_ai.md",
      "size_bytes": 3687,
      "sha256": "d889a29aadd5098c4c73a6d6d5e190f991b3390cab5ecffa19b7473e8e2a99a0"
    },
    {
      "relpath": "02_LIBRARY/CHATGPT_EXPORT__PODSTAWA/ROZMOWA_0023__2026-01-20/2026-01-20__patent_na_rozliczanie_ai__assistant_only.md",
      "size_bytes": 3717,
      "sha256": "b2838346f5abf87a488b080e9b6bdb7e203ea7594f7be5f0df690e2455ff3bde"
    },
    {
      "relpath": "02_LIBRARY/CHATGPT_EXPORT__PODSTAWA/ROZMOWA_0024__2026-01-20/2026-01-20__patent_rozliczania_ai.md",
      "size_bytes": 30846,
      "sha256": "42b75107f09c55baf25d1f3aa72fb8c30b0d40703392401849a7adcf1da77e7c"
    },
    {
      "relpath": "02_LIBRARY/CHATGPT_EXPORT__PODSTAWA/ROZMOWA_0024__2026-01-20/2026-01-20__patent_rozliczania_ai__assistant_only.md",
      "size_bytes": 27174,
      "sha256": "526016d0d03eb158fced6c44abad4e371605b1971c05467efb5e51e550204a9d"
    },
    {
      "relpath": "02_LIBRARY/CHATGPT_EXPORT__PODSTAWA/ROZMOWA_0025__2026-01-20/2026-01-20__hybrydowe_połączenie_technologii.md",
      "size_bytes": 248394,
      "sha256": "a0e8b52411ab040d143fb3c5a99290d0229430ad0f7cba8554472e2f66967850"
    },
    {
      "relpath": "02_LIBRARY/CHATGPT_EXPORT__PODSTAWA/ROZMOWA_0025__2026-01-20/2026-01-20__hybrydowe_połączenie_technologii__assistant_only.md",
      "size_bytes": 244291,
      "sha256": "cb6620b0a31e5694ae1b6d1a1461827339882860396d3e9ff67c641e3a5c7a75"
    },
    {
      "relpath": "02_LIBRARY/CHATGPT_EXPORT__PODSTAWA/ROZMOWA_0026__2026-01-20/2026-01-20__nowe_instrukcje_svne.md",
      "size_bytes": 3039,
      "sha256": "0efe97e5ec1b640cd4793083cbc4185901dba4832588f6b2187daeb1785d6e1d"
    },
    {
      "relpath": "02_LIBRARY/CHATGPT_EXPORT__PODSTAWA/ROZMOWA_0026__2026-01-20/2026-01-20__nowe_instrukcje_svne__assistant_only.md",
      "size_bytes": 2995,
      "sha256": "6eeb05de707c4e45909807bee33ac167c2f9d1ae0fa383814f193191234d021a"
    },
    {
      "relpath": "02_LIBRARY/CHATGPT_EXPORT__PODSTAWA/ROZMOWA_0027__2026-01-20/2026-01-20__fundamenty_militarne_i_licencje.md",
      "size_bytes": 7708,
      "sha256": "4738b5a09469262bcf036718d15d03ccc4fe315fb08dd3875ffb4303379235d8"
    },
    {
      "relpath": "02_LIBRARY/CHATGPT_EXPORT__PODSTAWA/ROZMOWA_0027__2026-01-20/2026-01-20__fundamenty_militarne_i_licencje__assistant_only.md",
      "size_bytes": 7369,
      "sha256": "ee5032815b43756551a06fbc34788b6e552561897a9bb14f298b46f111aae030"
    },
    {
      "relpath": "02_LIBRARY/CHATGPT_EXPORT__PODSTAWA/ROZMOWA_0028__2026-01-20/2026-01-20__cywilny_moduł_myślenia.md",
      "size_bytes": 197592,
      "sha256": "bddcb7a8b787f7cda6ea189e66f43616ea33d84ab16e0048f8d9c3857d62a7de"
    },
    {
      "relpath": "02_LIBRARY/CHATGPT_EXPORT__PODSTAWA/ROZMOWA_0028__2026-01-20/2026-01-20__cywilny_moduł_myślenia__assistant_only.md",
      "size_bytes": 192538,
      "sha256": "424651acebf5e3a6605b5a82eda144f72bc1edf42bb4c2ebf78ac4b5a4342004"
    },
    {
      "relpath": "02_LIBRARY/CHATGPT_EXPORT__PODSTAWA/ROZMOWA_0029__2026-01-20/2026-01-20__gałąź_zmiana_stroju_postaci.md",
      "size_bytes": 32454,
      "sha256": "02617a5a6b5df60265864efbc899dbf51b1acdf88bf8fc2556c6f4d14092c334"
    },
    {
      "relpath": "02_LIBRARY/CHATGPT_EXPORT__PODSTAWA/ROZMOWA_0029__2026-01-20/2026-01-20__gałąź_zmiana_stroju_postaci__assistant_only.md",
      "size_bytes": 28924,
      "sha256": "5e4620c6c2d28504f0ab96423bc5810c031b6cf6219d219f0298754c9f768fde"
    },
    {
      "relpath": "02_LIBRARY/CHATGPT_EXPORT__PODSTAWA/ROZMOWA_0030__2026-01-20/2026-01-20__wykop_pod_fundament_p0_l0.md",
      "size_bytes": 32490,
      "sha256": "b9f05218a049aae73ecb3382b7290108774bab550da9ff1e6ca49933a454f1cb"
    },
    {
      "relpath": "02_LIBRARY/CHATGPT_EXPORT__PODSTAWA/ROZMOWA_0030__2026-01-20/2026-01-20__wykop_pod_fundament_p0_l0__assistant_only.md",
      "size_bytes": 32243,
      "sha256": "7391c33e9d1c2f5d08f1aca0a19de1c0162b075187c099e9b3aff942f74a3080"
    },
    {
      "relpath": "02_LIBRARY/CHATGPT_EXPORT__PODSTAWA/ROZMOWA_0031__2026-01-20/2026-01-20__wycena_ip_vneil.md",
      "size_bytes": 37069,
      "sha256": "25d5424d4b4237d53d8aecc5a61d27343d69f06b5bab528bc356aaf871e6fdab"
    },
    {
      "relpath": "02_LIBRARY/CHATGPT_EXPORT__PODSTAWA/ROZMOWA_0031__2026-01-20/2026-01-20__wycena_ip_vneil__assistant_only.md",
      "size_bytes": 33333,
      "sha256": "3a2389166b6144a87f05bfb45025a74fbf782e41d61b424c25f5c17633c1d765"
    },
    {
      "relpath": "02_LIBRARY/CHATGPT_EXPORT__PODSTAWA/ROZMOWA_0032__2026-01-21/2026-01-21__analiza_i_obrona_uprp.md",
      "size_bytes": 9876,
      "sha256": "751339492fb6cd9e1f9f1cde417ae19c81ce44aa27a6df8961d827daa83bf990"
    },
    {
      "relpath": "02_LIBRARY/CHATGPT_EXPORT__PODSTAWA/ROZMOWA_0032__2026-01-21/2026-01-21__analiza_i_obrona_uprp__assistant_only.md",
      "size_bytes": 9637,
      "sha256": "7ad67d175a28459a03fb6b7137a21457c7e950538c906347c78f3385b16f7bd0"
    },
    {
      "relpath": "02_LIBRARY/CHATGPT_EXPORT__PODSTAWA/ROZMOWA_0033__2026-01-21/2026-01-21__biblioteka_rozmów_zip.md",
      "size_bytes": 1873,
      "sha256": "5b7c9a13368619942fe6020e9acbc243b76170d938e161ae4871ca1d1d528936"
    },
    {
      "relpath": "02_LIBRARY/CHATGPT_EXPORT__PODSTAWA/ROZMOWA_0033__2026-01-21/2026-01-21__biblioteka_rozmów_zip__assistant_only.md",
      "size_bytes": 1568,
      "sha256": "4f55216df6ef97355fa81b39f50c9d51b1cd850f08fc41dd026fe3256aa1afad"
    },
    {
      "relpath": "02_LIBRARY/CHATGPT_EXPORT__PODSTAWA/ROZMOWA_0034__2026-01-21/2026-01-21__audio_e-book_produkcja.md",
      "size_bytes": 62370,
      "sha256": "16ed016e959f8f099a4f3109acbc92ff4262c88d44aea28376671d1667a36e17"
    },
    {
      "relpath": "02_LIBRARY/CHATGPT_EXPORT__PODSTAWA/ROZMOWA_0034__2026-01-21/2026-01-21__audio_e-book_produkcja__assistant_only.md",
      "size_bytes": 60929,
      "sha256": "7e9591b48d5e6ff3d89258510b42771ffb12682cdd7a88e4bfea6e65d23e6519"
    },
    {
      "relpath": "02_LIBRARY/CHATGPT_EXPORT__PODSTAWA/ROZMOWA_0035__2026-01-21/2026-01-21__animacje_i_symulacje_z_e-booka.md",
      "size_bytes": 80080,
      "sha256": "9141ebe5fe69e84e99d8b432b3c75f408dfb11a03365b2574cc2b09307354a62"
    },
    {
      "relpath": "02_LIBRARY/CHATGPT_EXPORT__PODSTAWA/ROZMOWA_0035__2026-01-21/2026-01-21__animacje_i_symulacje_z_e-booka__assistant_only.md",
      "size_bytes": 66010,
      "sha256": "fb404636037c9f291147406420ab735c1762bc2aa57dbe98878965bc2575d9dc"
    },
    {
      "relpath": "02_LIBRARY/CHATGPT_EXPORT__PODSTAWA/ROZMOWA_0036__2026-01-21/2026-01-21__plik_yaml_decision_record.md",
      "size_bytes": 17248,
      "sha256": "bb4b8cebd08354a990a5462e6153c523b3cb6c71fbdc0033d8ae7361f8968d67"
    },
    {
      "relpath": "02_LIBRARY/CHATGPT_EXPORT__PODSTAWA/ROZMOWA_0036__2026-01-21/2026-01-21__plik_yaml_decision_record__assistant_only.md",
      "size_bytes": 16348,
      "sha256": "b18de43774c04fda6bbac8177774efb47758f6b38e75ef1288dbcf43c7b00702"
    },
    {
      "relpath": "02_LIBRARY/CHATGPT_EXPORT__PODSTAWA/ROZMOWA_0037__2026-01-21/2026-01-21__nanotechnologia_w_p1abcd.md",
      "size_bytes": 26565,
      "sha256": "a82344f83e03b2e8fbc0328a91a5762defc861ba7a554ec7fe740a8922f75577"
    },
    {
      "relpath": "02_LIBRARY/CHATGPT_EXPORT__PODSTAWA/ROZMOWA_0037__2026-01-21/2026-01-21__nanotechnologia_w_p1abcd__assistant_only.md",
      "size_bytes": 24938,
      "sha256": "006ebcb82a7284bec281be93b72b58241303431bc876787f5ee21c453439852f"
    },
    {
      "relpath": "02_LIBRARY/CHATGPT_EXPORT__PODSTAWA/ROZMOWA_0038__2026-01-21/2026-01-21__struktura_paczki_tsvne.md",
      "size_bytes": 131855,
      "sha256": "9cf47598c31086c4d1cc32d68b9d60e9c5e8e0f4fd007afc90bd8a234b9f4b58"
    },
    {
      "relpath": "02_LIBRARY/CHATGPT_EXPORT__PODSTAWA/ROZMOWA_0038__2026-01-21/2026-01-21__struktura_paczki_tsvne__assistant_only.md",
      "size_bytes": 128601,
      "sha256": "e9e1246c2c23d08e6eff8dde14a48fc5f434c344d3d67547b624ce8e0a2cb6eb"
    },
    {
      "relpath": "02_LIBRARY/CHATGPT_EXPORT__PODSTAWA/ROZMOWA_0039__2026-01-21/2026-01-21__algorytmy_tsvne_i_zastosowania.md",
      "size_bytes": 37474,
      "sha256": "153fff25271cfa4713729d622b51b5f692ad94e0a3a04f485763bc028f66056e"
    },
    {
      "relpath": "02_LIBRARY/CHATGPT_EXPORT__PODSTAWA/ROZMOWA_0039__2026-01-21/2026-01-21__algorytmy_tsvne_i_zastosowania__assistant_only.md",
      "size_bytes": 36964,
      "sha256": "557952def458023fd1e8a1701b239b21d2c83bc970f498ed72711ba269496f6a"
    },
    {
      "relpath": "02_LIBRARY/CHATGPT_EXPORT__PODSTAWA/ROZMOWA_0040__2026-01-21/2026-01-21__projekt_offline_all-in-one.md",
      "size_bytes": 7385,
      "sha256": "155608c3cf01dd5b1e06f9ed4245249e671fd89df430879bcf1f9b239e5ac9d0"
    },
    {
      "relpath": "02_LIBRARY/CHATGPT_EXPORT__PODSTAWA/ROZMOWA_0040__2026-01-21/2026-01-21__projekt_offline_all-in-one__assistant_only.md",
      "size_bytes": 6992,
      "sha256": "7a656ce739b441ee552e7f06a54e3f7e313c2be73fdf36eed754f8ae663f371f"
    },
    {
      "relpath": "02_LIBRARY/CHATGPT_EXPORT__PODSTAWA/ROZMOWA_0041__2026-01-22/2026-01-22__pytanie_bytowe.md",
      "size_bytes": 45379,
      "sha256": "cddd65713705a54299f1960c09e455b9e78a2a7c40b3bf9fc150f9f0c06b7ec3"
    },
    {
      "relpath": "02_LIBRARY/CHATGPT_EXPORT__PODSTAWA/ROZMOWA_0041__2026-01-22/2026-01-22__pytanie_bytowe__assistant_only.md",
      "size_bytes": 44632,
      "sha256": "3a389de71acada2e5c0a2e2473b0ac903733b456186709906d8aed533bb38cf1"
    },
    {
      "relpath": "02_LIBRARY/CHATGPT_EXPORT__PODSTAWA/ROZMOWA_0042__2026-01-22/2026-01-22__projekt_svne_i_jego_wartość.md",
      "size_bytes": 6318,
      "sha256": "92ea3de0eb385a519003f9529d6a349515eaa235086710ecdcc4ecf5216ce8fc"
    },
    {
      "relpath": "02_LIBRARY/CHATGPT_EXPORT__PODSTAWA/ROZMOWA_0042__2026-01-22/2026-01-22__projekt_svne_i_jego_wartość__assistant_only.md",
      "size_bytes": 6253,
      "sha256": "846f66b649e98a10b860c2fc5576a0fe754158447ed38de5285c38a0c5de3765"
    },
    {
      "relpath": "02_LIBRARY/CHATGPT_EXPORT__PODSTAWA/ROZMOWA_0043__2026-01-22/2026-01-22__gałąź_ewolucyjne_systemy_biologiczne.md",
      "size_bytes": 202996,
      "sha256": "c8a358da1ab287ff5cebf4b126c5d210e25d9f6d0e619f7489e1fead962193f5"
    },
    {
      "relpath": "02_LIBRARY/CHATGPT_EXPORT__PODSTAWA/ROZMOWA_0043__2026-01-22/2026-01-22__gałąź_ewolucyjne_systemy_biologiczne__assistant_only.md",
      "size_bytes": 197951,
      "sha256": "72b016643b220728067a1d852e232617c9e299c59aaa9a4abd428586eeb552f9"
    },
    {
      "relpath": "02_LIBRARY/CHATGPT_EXPORT__PODSTAWA/ROZMOWA_0044__2026-01-22/2026-01-22__gałąź_ewolucyjne_systemy_biologiczne.md",
      "size_bytes": 198562,
      "sha256": "7b3aa8c247e9e871e4e51feec99d3ec1c590f82263e11b4fc61af4dac7658865"
    },
    {
      "relpath": "02_LIBRARY/CHATGPT_EXPORT__PODSTAWA/ROZMOWA_0044__2026-01-22/2026-01-22__gałąź_ewolucyjne_systemy_biologiczne__assistant_only.md",
      "size_bytes": 188660,
      "sha256": "7338cd671c25a4b8a43618fc726db02b846bb6d1e97f92e6cfc3051f3351d3a4"
    },
    {
      "relpath": "02_LIBRARY/CHATGPT_EXPORT__PODSTAWA/ROZMOWA_0045__2026-01-22/2026-01-22__gałąź_algorytmy_tsvne_i_zastosowania.md",
      "size_bytes": 113738,
      "sha256": "96b0851d8cd90b4f381c36db9f5b5715cc2577d18c2e7ce1048d78814d613c07"
    },
    {
      "relpath": "02_LIBRARY/CHATGPT_EXPORT__PODSTAWA/ROZMOWA_0045__2026-01-22/2026-01-22__gałąź_algorytmy_tsvne_i_zastosowania__assistant_only.md",
      "size_bytes": 107401,
      "sha256": "723c79a470e2108c9f6bdaef39de42833e5516433bec38038d2392a68ea0f575"
    },
    {
      "relpath": "02_LIBRARY/CHATGPT_EXPORT__PODSTAWA/ROZMOWA_0046__2026-01-22/2026-01-22__tsvne-rp_meta-architektura.md",
      "size_bytes": 97082,
      "sha256": "2d587d4ee2496bd784621004f934cee5c0250242cad3774a92640f809574eb33"
    },
    {
      "relpath": "02_LIBRARY/CHATGPT_EXPORT__PODSTAWA/ROZMOWA_0046__2026-01-22/2026-01-22__tsvne-rp_meta-architektura__assistant_only.md",
      "size_bytes": 95563,
      "sha256": "88982651a1131a1f12475d370fcc3fce56a199ed028b8f3b21abf7268068e71b"
    },
    {
      "relpath": "02_LIBRARY/CHATGPT_EXPORT__PODSTAWA/ROZMOWA_0047__2026-01-22/2026-01-22__naprawa_plików_html.md",
      "size_bytes": 5289,
      "sha256": "e7884e4b55e764f0f8d68c68828b0bc591dcc4fea77bcff6879c0219688e8cdb"
    },
    {
      "relpath": "02_LIBRARY/CHATGPT_EXPORT__PODSTAWA/ROZMOWA_0047__2026-01-22/2026-01-22__naprawa_plików_html__assistant_only.md",
      "size_bytes": 5249,
      "sha256": "008981add6b36dc5d7ef883822eae59dd36811cafc1dfe40c2a15374c643b50c"
    },
    {
      "relpath": "02_LIBRARY/CHATGPT_EXPORT__PODSTAWA/ROZMOWA_0048__2026-01-22/2026-01-22__hybrydowy_kompozyt_i_zastosowania.md",
      "size_bytes": 23871,
      "sha256": "9d89027a5a573bb6ed1d5826b194b0412b3886e7c17713ff359b4927b3bfdeb2"
    },
    {
      "relpath": "02_LIBRARY/CHATGPT_EXPORT__PODSTAWA/ROZMOWA_0048__2026-01-22/2026-01-22__hybrydowy_kompozyt_i_zastosowania__assistant_only.md",
      "size_bytes": 22686,
      "sha256": "15bb208329f97a8923ac1c22cf3ae8fd44a7bf4dc24f2b1eb2599a437825f783"
    },
    {
      "relpath": "02_LIBRARY/CHATGPT_EXPORT__PODSTAWA/ROZMOWA_0049__2026-01-22/2026-01-22__gałąź_ewolucyjne_systemy_biologiczne.md",
      "size_bytes": 240404,
      "sha256": "b849057e74ed24f04e76193a9a660b96bfd09f1d902e7197acbb6addd13a1477"
    },
    {
      "relpath": "02_LIBRARY/CHATGPT_EXPORT__PODSTAWA/ROZMOWA_0049__2026-01-22/2026-01-22__gałąź_ewolucyjne_systemy_biologiczne__assistant_only.md",
      "size_bytes": 232976,
      "sha256": "ebc720def4666a1817ac0a04a64ecf0a4910b734b37bb7b949e155dd6c3af7c0"
    },
    {
      "relpath": "02_LIBRARY/CHATGPT_EXPORT__PODSTAWA/ROZMOWA_0050__2026-01-22/2026-01-22__gałąź_tsvne-rp_meta-architektura.md",
      "size_bytes": 107451,
      "sha256": "3cc4e44c9ec49fcfdfaf51ab25dbf154578eacb45777ac26a296a74d109c4bf2"
    },
    {
      "relpath": "02_LIBRARY/CHATGPT_EXPORT__PODSTAWA/ROZMOWA_0050__2026-01-22/2026-01-22__gałąź_tsvne-rp_meta-architektura__assistant_only.md",
      "size_bytes": 97669,
      "sha256": "850845e5cdaef8b091f312a27398733cbc0da8b15528b12385d519629ce3bb17"
    },
    {
      "relpath": "02_LIBRARY/CHATGPT_EXPORT__PODSTAWA/ROZMOWA_0051__2026-01-22/2026-01-22__analiza_zgłoszenia_patentowego.md",
      "size_bytes": 52650,
      "sha256": "b0217249d2c3738423005e103476391e66ae2f132f2c883da16c87cb13122998"
    },
    {
      "relpath": "02_LIBRARY/CHATGPT_EXPORT__PODSTAWA/ROZMOWA_0051__2026-01-22/2026-01-22__analiza_zgłoszenia_patentowego__assistant_only.md",
      "size_bytes": 37851,
      "sha256": "3b78cf4214e364f13f54204dde9f4687046b5aac62a513e84db45dd9811e1ac7"
    },
    {
      "relpath": "02_LIBRARY/CHATGPT_EXPORT__PODSTAWA/ROZMOWA_0052__2026-01-23/2026-01-23__vneil_brand_dla_copilot.md",
      "size_bytes": 96695,
      "sha256": "1e62d61ca3bf0e99ff36a437b626b380cecfcd492c56c296b2869ab08392c4bf"
    },
    {
      "relpath": "02_LIBRARY/CHATGPT_EXPORT__PODSTAWA/ROZMOWA_0052__2026-01-23/2026-01-23__vneil_brand_dla_copilot__assistant_only.md",
      "size_bytes": 74742,
      "sha256": "74b52f5c8ba53079d6114f0544962a4202a7d3e91c216e4c3d6c33005eae343a"
    },
    {
      "relpath": "02_LIBRARY/CHATGPT_EXPORT__PODSTAWA/ROZMOWA_0053__2026-01-23/2026-01-23__co_stworzyć_na_githubie.md",
      "size_bytes": 24221,
      "sha256": "590355fd7ce7de0d576c89fe1890519efcef17c4239d7e73aaf077a5c08a1b00"
    },
    {
      "relpath": "02_LIBRARY/CHATGPT_EXPORT__PODSTAWA/ROZMOWA_0053__2026-01-23/2026-01-23__co_stworzyć_na_githubie__assistant_only.md",
      "size_bytes": 23849,
      "sha256": "e5f2c7492e7633002a90b18f02627acc7239abc4fa923ab72e39ce68b7aab97d"
    },
    {
      "relpath": "02_LIBRARY/CHATGPT_EXPORT__PODSTAWA/ROZMOWA_0054__2026-01-23/2026-01-23__gałąź_algorytmy_tsvne_i_zastosowania.md",
      "size_bytes": 33840,
      "sha256": "7fbd0e806ba8e3e24a5eb348d9bef48c4599490e20655efaf39976c7384a2660"
    },
    {
      "relpath": "02_LIBRARY/CHATGPT_EXPORT__PODSTAWA/ROZMOWA_0054__2026-01-23/2026-01-23__gałąź_algorytmy_tsvne_i_zastosowania__assistant_only.md",
      "size_bytes": 33299,
      "sha256": "aaaa9634ba071b4bd9905595061d4338bd41990d75171ab477dc85c8fe0605f4"
    },
    {
      "relpath": "02_LIBRARY/CHATGPT_EXPORT__PODSTAWA/ROZMOWA_0055__2026-01-23/2026-01-23__github_vs_electron_fiddle.md",
      "size_bytes": 4102,
      "sha256": "156d9a9a482cc8d6ca0fa60d332b85a7a4aaa8add87d47921e57812e9ff65ae9"
    },
    {
      "relpath": "02_LIBRARY/CHATGPT_EXPORT__PODSTAWA/ROZMOWA_0055__2026-01-23/2026-01-23__github_vs_electron_fiddle__assistant_only.md",
      "size_bytes": 4026,
      "sha256": "c4d742b82eb1665de4dfc6137d947256d17f763faa77afc77ce041f90919523d"
    },
    {
      "relpath": "02_LIBRARY/CHATGPT_EXPORT__PODSTAWA/ROZMOWA_0056__2026-01-23/2026-01-23__antywirus_darkweb_vs_najlepsze.md",
      "size_bytes": 36582,
      "sha256": "6d11d7689b464972336049618a8e7bee9a2660e376e7025db598a029dffb576e"
    },
    {
      "relpath": "02_LIBRARY/CHATGPT_EXPORT__PODSTAWA/ROZMOWA_0056__2026-01-23/2026-01-23__antywirus_darkweb_vs_najlepsze__assistant_only.md",
      "size_bytes": 35489,
      "sha256": "5efff81efb8270a005e7e960ed05b14a8980be9179f6fe284087be6dedbcfebd"
    },
    {
      "relpath": "02_LIBRARY/CHATGPT_EXPORT__PODSTAWA/ROZMOWA_0057__2026-01-24/2026-01-24__stabilizacja_i_optymalizacja_projektu.md",
      "size_bytes": 9161,
      "sha256": "e4936ef3b156b6f156e6ba9a8ab680d2912bd6e398a772194f66793722560704"
    },
    {
      "relpath": "02_LIBRARY/CHATGPT_EXPORT__PODSTAWA/ROZMOWA_0057__2026-01-24/2026-01-24__stabilizacja_i_optymalizacja_projektu__assistant_only.md",
      "size_bytes": 9001,
      "sha256": "bc562e1847a43d231963cf7fc9c384afc1c4d46e733f716e9ec3e6adf35d7dfd"
    },
    {
      "relpath": "02_LIBRARY/CHATGPT_EXPORT__PODSTAWA/ROZMOWA_0058__2026-01-24/2026-01-24__wytlumaczenie_eil_newai.md",
      "size_bytes": 15203,
      "sha256": "7b0aa29efef1d9e436a65b0e7fcf945a93a8c11256942f172efc2fe4ad9e1c4d"
    },
    {
      "relpath": "02_LIBRARY/CHATGPT_EXPORT__PODSTAWA/ROZMOWA_0058__2026-01-24/2026-01-24__wytlumaczenie_eil_newai__assistant_only.md",
      "size_bytes": 14757,
      "sha256": "0d2ae76ae876edceec1aa5ddab9fa604b9b8fecaccce2c364f06709187b44f64"
    },
    {
      "relpath": "02_LIBRARY/CHATGPT_EXPORT__PODSTAWA/ROZMOWA_0059__2026-01-24/2026-01-24__silnik_kompozytów_hybrydowych.md",
      "size_bytes": 512280,
      "sha256": "83a44da897a12bff39aba3cf384a99e2df7f31910a45d083a9c3c3c42f71b28d"
    },
    {
      "relpath": "02_LIBRARY/CHATGPT_EXPORT__PODSTAWA/ROZMOWA_0059__2026-01-24/2026-01-24__silnik_kompozytów_hybrydowych__assistant_only.md",
      "size_bytes": 509565,
      "sha256": "fba1530ed1e8bb0afae6df0680c2a08cb0a9d3fb5dd5154e9ed29b3f75f781a2"
    },
    {
      "relpath": "02_LIBRARY/CHATGPT_EXPORT__PODSTAWA/ROZMOWA_0060__2026-01-24/2026-01-24__gałąź_gałąź_ewolucyjne_systemy_biologiczne.md",
      "size_bytes": 255606,
      "sha256": "073af323e12ac01f6ca438910e95b1481d027eab3e6b0cc6933abec9e7b771fc"
    },
    {
      "relpath": "02_LIBRARY/CHATGPT_EXPORT__PODSTAWA/ROZMOWA_0060__2026-01-24/2026-01-24__gałąź_gałąź_ewolucyjne_systemy_biologiczne__assistant_only.md",
      "size_bytes": 234884,
      "sha256": "007d6e1898c1b9813311fb7855579e61421e40e4e4b170a9eae78e034344620d"
    },
    {
      "relpath": "02_LIBRARY/CHATGPT_EXPORT__PODSTAWA/ROZMOWA_0061__2026-01-24/2026-01-24__tsvne-hx95122_rekord_poprawiony.md",
      "size_bytes": 11221,
      "sha256": "352fcc0c204bce3f30b809a16989ae076833d5f692dcbedfdf868ca0c65d325a"
    },
    {
      "relpath": "02_LIBRARY/CHATGPT_EXPORT__PODSTAWA/ROZMOWA_0061__2026-01-24/2026-01-24__tsvne-hx95122_rekord_poprawiony__assistant_only.md",
      "size_bytes": 7783,
      "sha256": "44702015b66a063a358ce2d813ea6978c8ad1e0785e1343f9dfc03aea034b6e4"
    },
    {
      "relpath": "02_LIBRARY/CHATGPT_EXPORT__PODSTAWA/ROZMOWA_0062__2026-01-24/2026-01-24__historia_vneil_svne_tsvne_eil.md",
      "size_bytes": 11364,
      "sha256": "6af036aa57617e7ade6205f43d44a982a711e8a4f31bf323770a1224c5ef7276"
    },
    {
      "relpath": "02_LIBRARY/CHATGPT_EXPORT__PODSTAWA/ROZMOWA_0062__2026-01-24/2026-01-24__historia_vneil_svne_tsvne_eil__assistant_only.md",
      "size_bytes": 11219,
      "sha256": "c0938d9ccaa2e3d4a8f07b4681d9510858b8468020ed1d5bd120d0e0c7ae140a"
    },
    {
      "relpath": "02_LIBRARY/CHATGPT_EXPORT__PODSTAWA/ROZMOWA_0063__2026-01-24/2026-01-24__efekt_podprogowy_w_biblii.md",
      "size_bytes": 4564,
      "sha256": "68616a2c80bae2e3667fba093292fe47e81057f461dec81679bcbf08869e880f"
    },
    {
      "relpath": "02_LIBRARY/CHATGPT_EXPORT__PODSTAWA/ROZMOWA_0063__2026-01-24/2026-01-24__efekt_podprogowy_w_biblii__assistant_only.md",
      "size_bytes": 4459,
      "sha256": "d2f21947b99905b62a2f145d8ed7108a9e8eaa2c2c7c8783db38609537f2f3b6"
    },
    {
      "relpath": "02_LIBRARY/CHATGPT_EXPORT__PODSTAWA/ROZMOWA_0064__2026-01-24/2026-01-24__architektura_zero_trust.md",
      "size_bytes": 16199,
      "sha256": "d46d159163aa6e020637a35ccdce939d7deffddff5b4edda03028ed75bdea2a1"
    },
    {
      "relpath": "02_LIBRARY/CHATGPT_EXPORT__PODSTAWA/ROZMOWA_0064__2026-01-24/2026-01-24__architektura_zero_trust__assistant_only.md",
      "size_bytes": 15068,
      "sha256": "e082bac2747b817f16e3f83d15a1721582042a7c84b9d728d7e933f95052b90c"
    },
    {
      "relpath": "02_LIBRARY/CHATGPT_EXPORT__PODSTAWA/ROZMOWA_0065__2026-01-24/2026-01-24__vneil_apk_z_subskrypcjami.md",
      "size_bytes": 101295,
      "sha256": "538fd9829e3b18dcd76367f09d2d2ef159eb4f7972f13e3ec339d9c684b09ccf"
    },
    {
      "relpath": "02_LIBRARY/CHATGPT_EXPORT__PODSTAWA/ROZMOWA_0065__2026-01-24/2026-01-24__vneil_apk_z_subskrypcjami__assistant_only.md",
      "size_bytes": 100472,
      "sha256": "3b7c75263eb303f57361478fd76ae53d5cf294118ecc257984494704980166e1"
    },
    {
      "relpath": "02_LIBRARY/CHATGPT_EXPORT__PODSTAWA/ROZMOWA_0066__2026-01-24/2026-01-24__apk_na_androida.md",
      "size_bytes": 4540,
      "sha256": "5629c48a4daf62de6f4c5a66abb95997981f633f218cc7eb4f84e130781a2d2d"
    },
    {
      "relpath": "02_LIBRARY/CHATGPT_EXPORT__PODSTAWA/ROZMOWA_0066__2026-01-24/2026-01-24__apk_na_androida__assistant_only.md",
      "size_bytes": 4359,
      "sha256": "62a1e08ae147358c4df518bc0986792eec1638f9d80f18f5f86fa9df3ca8515f"
    },
    {
      "relpath": "02_LIBRARY/CHATGPT_EXPORT__PODSTAWA/ROZMOWA_0067__2026-01-24/2026-01-24__łączenie_skryptów_i_platform.md",
      "size_bytes": 10264,
      "sha256": "52ead2fbe060bac280d64c35189a6b6655dc95841c2520a996a5129c0e300047"
    },
    {
      "relpath": "02_LIBRARY/CHATGPT_EXPORT__PODSTAWA/ROZMOWA_0067__2026-01-24/2026-01-24__łączenie_skryptów_i_platform__assistant_only.md",
      "size_bytes": 9804,
      "sha256": "076709e738e7467f9aa080e7891e8a88f145911374842298c8a4e248536946b2"
    },
    {
      "relpath": "02_LIBRARY/CHATGPT_EXPORT__PODSTAWA/ROZMOWA_0068__2026-01-24/2026-01-24__personalizacja_profilu_gpt.md",
      "size_bytes": 79268,
      "sha256": "d9253919c3598bfd1a45d3b7639b17233952fe5187a039dfd205d1cf31929143"
    },
    {
      "relpath": "02_LIBRARY/CHATGPT_EXPORT__PODSTAWA/ROZMOWA_0068__2026-01-24/2026-01-24__personalizacja_profilu_gpt__assistant_only.md",
      "size_bytes": 77934,
      "sha256": "bd2bb299ec16d5090848ae4a2416180d919d6eade1c9c3e8096887b3eda32203"
    },
    {
      "relpath": "02_LIBRARY/CHATGPT_EXPORT__PODSTAWA/ROZMOWA_0069__2026-01-24/2026-01-24__tryb_tsvne_analiza.md",
      "size_bytes": 19820,
      "sha256": "6d5e9cce2001df4b6e4623e224d3b1bd1034afa5c04ed3062f9652d80f46401f"
    },
    {
      "relpath": "02_LIBRARY/CHATGPT_EXPORT__PODSTAWA/ROZMOWA_0069__2026-01-24/2026-01-24__tryb_tsvne_analiza__assistant_only.md",
      "size_bytes": 19039,
      "sha256": "81f0e3c18b52e518e7e24f3f64ba79134dbaa063e172704b96cb589e2f372652"
    },
    {
      "relpath": "02_LIBRARY/CHATGPT_EXPORT__PODSTAWA/ROZMOWA_0070__2026-01-25/2026-01-25__zip_z_aktualizacjami.md",
      "size_bytes": 8177,
      "sha256": "e56db1636ca283f5101af70007f056bd50d3b008b70ac17bc95cb934d512e0f8"
    },
    {
      "relpath": "02_LIBRARY/CHATGPT_EXPORT__PODSTAWA/ROZMOWA_0070__2026-01-25/2026-01-25__zip_z_aktualizacjami__assistant_only.md",
      "size_bytes": 7660,
      "sha256": "9ca57d62b0529fc4dde938379498e305efbe5cd388b7af5a0a96a1d26a4da801"
    },
    {
      "relpath": "02_LIBRARY/CHATGPT_EXPORT__PODSTAWA/ROZMOWA_0071__2026-01-25/2026-01-25__konstytucja_tsvne_ai.md",
      "size_bytes": 2647,
      "sha256": "5d374f9640a7d156fade1f46126decb1f98dd70523371f230cda944b0d34f1ba"
    },
    {
      "relpath": "02_LIBRARY/CHATGPT_EXPORT__PODSTAWA/ROZMOWA_0071__2026-01-25/2026-01-25__konstytucja_tsvne_ai__assistant_only.md",
      "size_bytes": 2296,
      "sha256": "9f8998521d8ed9e9b9acce9b8a9fc85402a175f4802110d96984b40c3793da27"
    },
    {
      "relpath": "02_LIBRARY/STABILIZACJA_I_OPTYMALIZACJA__BIBLIOTEKA_ROZMOW/IMPORTER/README_IMPORT.md",
      "size_bytes": 741,
      "sha256": "8a352decfe6203b0a677498affaedfde216432c235082dfca8fba1262a935c28"
    },
    {
      "relpath": "02_LIBRARY/STABILIZACJA_I_OPTYMALIZACJA__BIBLIOTEKA_ROZMOW/IMPORTER/build_chat_library.py",
      "size_bytes": 6705,
      "sha256": "d38a469d3b77328d1524f81ea4c5057ef31a9bd2878a02b71be0a6be12680c2f"
    },
    {
      "relpath": "02_LIBRARY/STABILIZACJA_I_OPTYMALIZACJA__BIBLIOTEKA_ROZMOW/MANIFEST.csv",
      "size_bytes": 34981,
      "sha256": "41f66b25e5432e721da7bf88b65626881f02fe4b84bec78394ebf6ea11eaf2b3"
    },
    {
      "relpath": "02_LIBRARY/STABILIZACJA_I_OPTYMALIZACJA__BIBLIOTEKA_ROZMOW/README.md",
      "size_bytes": 7420,
      "sha256": "4a1441db3b06f66f37813a312142fb7241b9a0395e9b3dceb54add24de62e896"
    },
    {
      "relpath": "02_LIBRARY/STABILIZACJA_I_OPTYMALIZACJA__BIBLIOTEKA_ROZMOW/ROZMOWA_0001__2026-01-05/WATEK_001__svne_vne_konstytucja_template_v0_1_0.md",
      "size_bytes": 7947,
      "sha256": "e47dd84f0b2e16db056a6937e24b2c83e19b402df61991d9e06419ade4b5a205"
    },
    {
      "relpath": "02_LIBRARY/STABILIZACJA_I_OPTYMALIZACJA__BIBLIOTEKA_ROZMOW/ROZMOWA_0001__2026-01-05/WATEK_002__svne_vne_konstytucja_v0_2_0_2026_01_05.md",
      "size_bytes": 18774,
      "sha256": "0e4c60ed88d8c1f74fb5b463a85cf15ba25c174aa07bf92cbf44a526705adf50"
    },
    {
      "relpath": "02_LIBRARY/STABILIZACJA_I_OPTYMALIZACJA__BIBLIOTEKA_ROZMOW/ROZMOWA_0002__2026-01-06/WATEK_001__svne_master_plan_operacjonalizacja_konstytucji.md",
      "size_bytes": 3900,
      "sha256": "a55cbd7130b2940d694c6b597f464a00d20745817bbd55aad6649c979fa1f89a"
    },
    {
      "relpath": "02_LIBRARY/STABILIZACJA_I_OPTYMALIZACJA__BIBLIOTEKA_ROZMOW/ROZMOWA_0002__2026-01-06/WATEK_002__pmetlux_package_patent_ready_svne.md",
      "size_bytes": 5167,
      "sha256": "702e97f13a7a03338789c3b71a5ba1a93ae4dccbb5ec8d79b4167baec9146c4e"
    },
    {
      "relpath": "02_LIBRARY/STABILIZACJA_I_OPTYMALIZACJA__BIBLIOTEKA_ROZMOW/ROZMOWA_0002__2026-01-06/WATEK_003__svne_delta_update_v_0_2.md",
      "size_bytes": 3512,
      "sha256": "e43eeb44cec1d54c46f630eb024804327846b5d2079ed2c3fdd07c7a1dddcb8c"
    },
    {
      "relpath": "02_LIBRARY/STABILIZACJA_I_OPTYMALIZACJA__BIBLIOTEKA_ROZMOW/ROZMOWA_0002__2026-01-06/WATEK_004__svne_delta_update_v_0_2_3.md",
      "size_bytes": 2956,
      "sha256": "3e0f1b25f627158e1394468aaf9bc35ccba234d68cfbd521a26542e1a0f0e056"
    },
    {
      "relpath": "02_LIBRARY/STABILIZACJA_I_OPTYMALIZACJA__BIBLIOTEKA_ROZMOW/ROZMOWA_0002__2026-01-06/WATEK_005__svne_lux_material_ecosystem_map.md",
      "size_bytes": 3914,
      "sha256": "892b08b7112dd7ed82dd7ebc4a60bf1e57998c1d26e8cf04285e011e0c383222"
    },
    {
      "relpath": "02_LIBRARY/STABILIZACJA_I_OPTYMALIZACJA__BIBLIOTEKA_ROZMOW/ROZMOWA_0002__2026-01-06/WATEK_006__pd_lux_0_systemowy_dowod_koncepcyjny_svne.md",
      "size_bytes": 2654,
      "sha256": "8e682e45ce9ac8913601afa39397290f6e32db6f8b4e3fe41901afadd09f1667"
    },
    {
      "relpath": "02_LIBRARY/STABILIZACJA_I_OPTYMALIZACJA__BIBLIOTEKA_ROZMOW/ROZMOWA_0002__2026-01-06/WATEK_007__pd_lux_1_ciaglosc_dowodowa_i_przejscie_do_konstytucji.md",
      "size_bytes": 2163,
      "sha256": "bc80a57f3460b8825e996455dd3a1e2c2857e20b9659c74ff9247101a7ccef1f"
    },
    {
      "relpath": "02_LIBRARY/STABILIZACJA_I_OPTYMALIZACJA__BIBLIOTEKA_ROZMOW/ROZMOWA_0002__2026-01-06/WATEK_008__lux_opis_i_historia_symboliczna_tsvne.md",
      "size_bytes": 4485,
      "sha256": "2cf0ae88cae9aaf32364f1ebbfb7049e2806030dc18955d5a9db941d29827b57"
    },
    {
      "relpath": "02_LIBRARY/STABILIZACJA_I_OPTYMALIZACJA__BIBLIOTEKA_ROZMOW/ROZMOWA_0002__2026-01-06/WATEK_009__vertyx_nexus_eil_brand_umbrella_description.md",
      "size_bytes": 3477,
      "sha256": "4d3f360010d6218d9f1a432cd1219c0bae941fdd78136e80447d7a8afdb25497"
    },
    {
      "relpath": "02_LIBRARY/STABILIZACJA_I_OPTYMALIZACJA__BIBLIOTEKA_ROZMOW/ROZMOWA_0002__2026-01-06/WATEK_010__svne_lux_master_plan_v1_0.md",
      "size_bytes": 1190,
      "sha256": "af8c421f00d03e92d744f5285c31a738d3edd86be367a349a9babc630811238f"
    },
    {
      "relpath": "02_LIBRARY/STABILIZACJA_I_OPTYMALIZACJA__BIBLIOTEKA_ROZMOW/ROZMOWA_0002__2026-01-06/WATEK_011__svne_vne_konstytucja_v_0_3.md",
      "size_bytes": 2932,
      "sha256": "976b2be135474cb25e67944e4d3252ce27ff0d673756ad3223a362dd5a1977e1"
    },
    {
      "relpath": "02_LIBRARY/STABILIZACJA_I_OPTYMALIZACJA__BIBLIOTEKA_ROZMOW/ROZMOWA_0002__2026-01-06/WATEK_012__svne_vne_konstytucja_v0_3_0_master.md",
      "size_bytes": 1696,
      "sha256": "ba1e0d335b446959e365e8a99ca87081353d5e6ddac3c280ddfae1ca5da79a2d"
    },
    {
      "relpath": "02_LIBRARY/STABILIZACJA_I_OPTYMALIZACJA__BIBLIOTEKA_ROZMOW/ROZMOWA_0002__2026-01-06/WATEK_013__mp_seeds_microgreens_portfolio_premium_assortment.md",
      "size_bytes": 4415,
      "sha256": "813d826e493875893940730fc31c497687129d7474ecbd385ff4e963b4e02df7"
    },
    {
      "relpath": "02_LIBRARY/STABILIZACJA_I_OPTYMALIZACJA__BIBLIOTEKA_ROZMOW/ROZMOWA_0002__2026-01-06/WATEK_014__arkangrow_wersja_inwestorska_techniczna_eksportowa.md",
      "size_bytes": 6287,
      "sha256": "c64fea664de593f0292e5885a1be8b4d44e4e6f8fbe939106ed7b6885c8e72a6"
    },
    {
      "relpath": "02_LIBRARY/STABILIZACJA_I_OPTYMALIZACJA__BIBLIOTEKA_ROZMOW/ROZMOWA_0002__2026-01-06/WATEK_015__quantara_constitution_v_0_0.md",
      "size_bytes": 5144,
      "sha256": "2150263c07e75335512c97f19c327569187fa9b8f88903cfb6d59fb94f29991c"
    },
    {
      "relpath": "02_LIBRARY/STABILIZACJA_I_OPTYMALIZACJA__BIBLIOTEKA_ROZMOW/ROZMOWA_0002__2026-01-06/WATEK_016__quantara_eil_module_spec_tsvne_v_0.md",
      "size_bytes": 4096,
      "sha256": "b3e7064286921fa686fd8ca9812f155f7d31cbdfefda40a70042bf23e761e153"
    },
    {
      "relpath": "02_LIBRARY/STABILIZACJA_I_OPTYMALIZACJA__BIBLIOTEKA_ROZMOW/ROZMOWA_0002__2026-01-06/WATEK_017__uprp_quantara_pakiet_zgloszeniowy_v_1.md",
      "size_bytes": 4662,
      "sha256": "d576ad3020afc546e61865e54f9c2a077f749117515a4910692bcbbfec6d7cf1"
    },
    {
      "relpath": "02_LIBRARY/STABILIZACJA_I_OPTYMALIZACJA__BIBLIOTEKA_ROZMOW/ROZMOWA_0002__2026-01-06/WATEK_018__svne_vne_quantrum_konstytucja_v_0_0nowa.md",
      "size_bytes": 4706,
      "sha256": "6abe437dd0836c94a671af3c41b24b55251e40fff7141c68b0c48ddab7ca5fb1"
    },
    {
      "relpath": "02_LIBRARY/STABILIZACJA_I_OPTYMALIZACJA__BIBLIOTEKA_ROZMOW/ROZMOWA_0002__2026-01-06/WATEK_019__umowa_licencyjna_tworca_ojciec_svne_vne_quantrum_v0_1.md",
      "size_bytes": 2132,
      "sha256": "fe0a56871c15bd3fe63e75fe481a66e4ba749edf7730a71384488359fd46f3e1"
    },
    {
      "relpath": "02_LIBRARY/STABILIZACJA_I_OPTYMALIZACJA__BIBLIOTEKA_ROZMOW/ROZMOWA_0002__2026-01-06/WATEK_020__family_ip_vault_svne_vne_quantrum_v0_1.md",
      "size_bytes": 1578,
      "sha256": "74293f32cef6f4b7629081abb4191f7abc0a54c647e19b29f3a21ee91fda579d"
    },
    {
      "relpath": "02_LIBRARY/STABILIZACJA_I_OPTYMALIZACJA__BIBLIOTEKA_ROZMOW/ROZMOWA_0002__2026-01-06/WATEK_021__oswiadczenie_tworcy_do_uprp_svne_vne_quantrum_v0_1.md",
      "size_bytes": 1512,
      "sha256": "6033ef7d1feb9d18fc062047a06b1b0c7ab1897774c8fb9b44059d6f51a93a0e"
    },
    {
      "relpath": "02_LIBRARY/STABILIZACJA_I_OPTYMALIZACJA__BIBLIOTEKA_ROZMOW/ROZMOWA_0002__2026-01-06/WATEK_022__hash_manifest_svne_family_ip_pack_2026_01_06.md",
      "size_bytes": 1271,
      "sha256": "67d4c83ab8616e13fe9f5ee0025b0d7b95daa8c6cc67ae8affe22fb84e7dc60f"
    },
    {
      "relpath": "02_LIBRARY/STABILIZACJA_I_OPTYMALIZACJA__BIBLIOTEKA_ROZMOW/ROZMOWA_0003__2026-01-07/WATEK_001__mp_seeds_arkangrow_portfolio_zintegrowane.md",
      "size_bytes": 2148,
      "sha256": "d462b12778604bec0d3e3b6035eb5ab1f32726d5f1f7ab8a31be948b364174a1"
    },
    {
      "relpath": "02_LIBRARY/STABILIZACJA_I_OPTYMALIZACJA__BIBLIOTEKA_ROZMOW/ROZMOWA_0003__2026-01-07/WATEK_002__investor_one_pager_dlaczego_system_jest_nie_do_skopiowania.md",
      "size_bytes": 3149,
      "sha256": "39590be8f7be0c5735f54597689decc3c1eca1d12329dd8628997234bd3483ee"
    },
    {
      "relpath": "02_LIBRARY/STABILIZACJA_I_OPTYMALIZACJA__BIBLIOTEKA_ROZMOW/ROZMOWA_0003__2026-01-07/WATEK_003__investor_slide_due_diligence_unit_economics_moat.md",
      "size_bytes": 3431,
      "sha256": "a898f5ea7e429eca54f6f5572fdaf63a37d89c03a03ec2df4068969ace18da12"
    },
    {
      "relpath": "02_LIBRARY/STABILIZACJA_I_OPTYMALIZACJA__BIBLIOTEKA_ROZMOW/ROZMOWA_0003__2026-01-07/WATEK_004__master_pack_capex_ip_map_licencjonowanie_cream.md",
      "size_bytes": 3072,
      "sha256": "535c5d2932212c259e29b49929617a18c609182a1f19cf25570b5ea041cd01a2"
    },
    {
      "relpath": "02_LIBRARY/STABILIZACJA_I_OPTYMALIZACJA__BIBLIOTEKA_ROZMOW/ROZMOWA_0003__2026-01-07/WATEK_005__runda_angel_01_04_2026_polska_olsztyn_cream.md",
      "size_bytes": 3231,
      "sha256": "e57a3107bdcba2ed821620e947efcf46a82474d7d881bcde35197ca03f6431cf"
    },
    {
      "relpath": "02_LIBRARY/STABILIZACJA_I_OPTYMALIZACJA__BIBLIOTEKA_ROZMOW/ROZMOWA_0003__2026-01-07/WATEK_006__term_sheet_non_dilutive_funding_polska_2026_cream.md",
      "size_bytes": 3397,
      "sha256": "6a458808ddc3b7fd220ed9b22933b8e51678adba76fd49c6c65c1bd9f3a8b6e2"
    },
    {
      "relpath": "02_LIBRARY/STABILIZACJA_I_OPTYMALIZACJA__BIBLIOTEKA_ROZMOW/ROZMOWA_0003__2026-01-07/WATEK_007__umowa_przedwstepna_finansowania_i_wspolwlasnosci_arkangrow_s.md",
      "size_bytes": 5121,
      "sha256": "06b45899f404a25cab67fdc39b64d9d23a2a20a43cd013eed3b66046c80b21e6"
    },
    {
      "relpath": "02_LIBRARY/STABILIZACJA_I_OPTYMALIZACJA__BIBLIOTEKA_ROZMOW/ROZMOWA_0003__2026-01-07/WATEK_008__budzet_dotacyjny_harmonogram_arkangrow_parp_regional.md",
      "size_bytes": 2896,
      "sha256": "f75a0a3f03b370024b264655b95ada78b442557c70d6a9509da170f7b914293d"
    },
    {
      "relpath": "02_LIBRARY/STABILIZACJA_I_OPTYMALIZACJA__BIBLIOTEKA_ROZMOW/ROZMOWA_0003__2026-01-07/WATEK_009__grant_master_pack_kryteria_wording_zalaczniki_arkangrow.md",
      "size_bytes": 3405,
      "sha256": "d20a91ffe7196665b000005f7279cbff0e6b7abf8f586146ca2848c5141ed99f"
    },
    {
      "relpath": "02_LIBRARY/STABILIZACJA_I_OPTYMALIZACJA__BIBLIOTEKA_ROZMOW/ROZMOWA_0003__2026-01-07/WATEK_010__warmia_mazury_olsztyn_wersja_konkursowa_symulacja_oceny_eksp.md",
      "size_bytes": 4099,
      "sha256": "05179dab2b2b057949787cac1c45dc85c2621f26e7bb7986b1ce03deef46090b"
    },
    {
      "relpath": "02_LIBRARY/STABILIZACJA_I_OPTYMALIZACJA__BIBLIOTEKA_ROZMOW/ROZMOWA_0003__2026-01-07/WATEK_011__arkangrow_dostawcy_i_odbiorcy_mapa_operacyjna.md",
      "size_bytes": 3373,
      "sha256": "90c7d5fd2d4952a32c8a82d488dadbf9355d50cd94c137ce84d0e42058c377ba"
    },
    {
      "relpath": "02_LIBRARY/STABILIZACJA_I_OPTYMALIZACJA__BIBLIOTEKA_ROZMOW/ROZMOWA_0003__2026-01-07/WATEK_012__arkangrow_master_operations_pack.md",
      "size_bytes": 2550,
      "sha256": "4b6d21c3adafcd25d220f76477798bcc9a4b6b18b4c47e61a46935ff4245aa30"
    },
    {
      "relpath": "02_LIBRARY/STABILIZACJA_I_OPTYMALIZACJA__BIBLIOTEKA_ROZMOW/ROZMOWA_0003__2026-01-07/WATEK_013__arkangrow_svne.md",
      "size_bytes": 4939,
      "sha256": "a1f09abfba049f623082a41fb45bf79dcbbd98d36b07efae674d8b66ccce6c6a"
    },
    {
      "relpath": "02_LIBRARY/STABILIZACJA_I_OPTYMALIZACJA__BIBLIOTEKA_ROZMOW/ROZMOWA_0003__2026-01-07/WATEK_014__arkangrow_svne.md",
      "size_bytes": 4671,
      "sha256": "9111408bce5f6a4b24331a064874897694c72bd2ea36ad0db861cee951419cfc"
    },
    {
      "relpath": "02_LIBRARY/STABILIZACJA_I_OPTYMALIZACJA__BIBLIOTEKA_ROZMOW/ROZMOWA_0003__2026-01-07/WATEK_015__svne_vne_konstytucja_v0_2_2_2026_01_07.md",
      "size_bytes": 22913,
      "sha256": "fcb1ad264a1a49ded09ec320794b4d07dc828bbd24d5da0f51a945164146de68"
    },
    {
      "relpath": "02_LIBRARY/STABILIZACJA_I_OPTYMALIZACJA__BIBLIOTEKA_ROZMOW/ROZMOWA_0003__2026-01-07/WATEK_016__vneil.md",
      "size_bytes": 1800,
      "sha256": "43416f85f35fec2f951eacd6bd0c7d53a1a5a6422dcca3433eade3d392081e1c"
    },
    {
      "relpath": "02_LIBRARY/STABILIZACJA_I_OPTYMALIZACJA__BIBLIOTEKA_ROZMOW/ROZMOWA_0004__2026-01-10/WATEK_001__konstytucja_certyfikacji_svne.md",
      "size_bytes": 7417,
      "sha256": "afb3451288c28c69f12556d3281dc8dea7fcc9716223247a5f01fdfa800a3b77"
    },
    {
      "relpath": "02_LIBRARY/STABILIZACJA_I_OPTYMALIZACJA__BIBLIOTEKA_ROZMOW/ROZMOWA_0004__2026-01-10/WATEK_002__svne_governance_whitepaper.md",
      "size_bytes": 4248,
      "sha256": "623f45c0c21606865fc3463641a86846d2393fc4eaf61da6cebd08d5493c8ad0"
    },
    {
      "relpath": "02_LIBRARY/STABILIZACJA_I_OPTYMALIZACJA__BIBLIOTEKA_ROZMOW/ROZMOWA_0004__2026-01-10/WATEK_003__svne_profiles_executive_summary_trust_model.md",
      "size_bytes": 3894,
      "sha256": "e1fcffb6f79ad3521fd2a02597c90af7498beee9cc9765831238762adadf5233"
    },
    {
      "relpath": "02_LIBRARY/STABILIZACJA_I_OPTYMALIZACJA__BIBLIOTEKA_ROZMOW/ROZMOWA_0005__2026-01-12/WATEK_001__svne_context_payload_delta_update_microgreens_pmmed.md",
      "size_bytes": 3916,
      "sha256": "5125936005186315f1a46e5fad32dba8859bd41f453ac6b1981d4494ae035f33"
    },
    {
      "relpath": "02_LIBRARY/STABILIZACJA_I_OPTYMALIZACJA__BIBLIOTEKA_ROZMOW/ROZMOWA_0005__2026-01-12/WATEK_002__konstytucja_indoormisticvneil.md",
      "size_bytes": 13932,
      "sha256": "baab222b03f7066de6c79dedce5a91c4fadc875a8e07ffa0479219eb7b0bc9e2"
    },
    {
      "relpath": "02_LIBRARY/STABILIZACJA_I_OPTYMALIZACJA__BIBLIOTEKA_ROZMOW/ROZMOWA_0005__2026-01-12/WATEK_003__konstytucja_indoormisticvneil.md",
      "size_bytes": 13664,
      "sha256": "bb34cc314a6a6a033d2ed4331afa4c071bfe7b14cc49cd31033b1c5df38f9fdd"
    },
    {
      "relpath": "02_LIBRARY/STABILIZACJA_I_OPTYMALIZACJA__BIBLIOTEKA_ROZMOW/ROZMOWA_0005__2026-01-12/WATEK_004__instrukcja_projektu_vneil.md",
      "size_bytes": 10317,
      "sha256": "a3e33ee8ed175b8b79ec9a79cc14b04a4782191b4cc3a6183728468047c4634e"
    },
    {
      "relpath": "02_LIBRARY/STABILIZACJA_I_OPTYMALIZACJA__BIBLIOTEKA_ROZMOW/ROZMOWA_0005__2026-01-12/WATEK_005__instrukcja_projektu_vneil.md",
      "size_bytes": 10049,
      "sha256": "dc920273dc850df62a47ed656e3261ef752a9544c588c5d20a715fab95404557"
    },
    {
      "relpath": "02_LIBRARY/STABILIZACJA_I_OPTYMALIZACJA__BIBLIOTEKA_ROZMOW/ROZMOWA_0006__2026-01-17/WATEK_001__instrukcja_projektu_vneil_aktualna.md",
      "size_bytes": 15803,
      "sha256": "779b987f319918faf3a07279a5b5ed2dba25345755ffb57837a5c05fe01364ec"
    },
    {
      "relpath": "02_LIBRARY/STABILIZACJA_I_OPTYMALIZACJA__BIBLIOTEKA_ROZMOW/ROZMOWA_0006__2026-01-17/WATEK_002__instrukcja_projektu_vneil_aktualna.md",
      "size_bytes": 15535,
      "sha256": "e9b0101abef716d14c1fea5e6d864f7b4a491c23b7f1e18b879845accd4add27"
    },
    {
      "relpath": "02_LIBRARY/STABILIZACJA_I_OPTYMALIZACJA__BIBLIOTEKA_ROZMOW/ROZMOWA_0006__2026-01-17/WATEK_003__w_1_p_0_archiwum_zamrozone.md",
      "size_bytes": 2415,
      "sha256": "92bdbf6120fc6c8eee18cc6bd5aab07b7ed93a8ffb60bde0b6f2bb4d287f0f5c"
    },
    {
      "relpath": "02_LIBRARY/STABILIZACJA_I_OPTYMALIZACJA__BIBLIOTEKA_ROZMOW/ROZMOWA_0006__2026-01-17/WATEK_004__ontologia_svne_wersja_prawna.md",
      "size_bytes": 3424,
      "sha256": "b83a00c5fed6902e83f51ed155d41f362ecbcdf5fbd7df0b1ea3155c3851528e"
    },
    {
      "relpath": "02_LIBRARY/STABILIZACJA_I_OPTYMALIZACJA__BIBLIOTEKA_ROZMOW/ROZMOWA_0006__2026-01-17/WATEK_005__mapa_argumentacji_spornej_ip_pl_ue_pct.md",
      "size_bytes": 2512,
      "sha256": "d0ff0dd27c3a3819582114b593f297b85c2341728e7de96d1d65b024cb511752"
    },
    {
      "relpath": "02_LIBRARY/STABILIZACJA_I_OPTYMALIZACJA__BIBLIOTEKA_ROZMOW/ROZMOWA_0006__2026-01-17/WATEK_006__instrukcja_projektu_vneil_snapshot_filing_ready.md",
      "size_bytes": 2035,
      "sha256": "38e4bcc7e657771c985fe46ec686b6c192e3db840cfc1451de330286eff30145"
    },
    {
      "relpath": "02_LIBRARY/STABILIZACJA_I_OPTYMALIZACJA__BIBLIOTEKA_ROZMOW/ROZMOWA_0006__2026-01-17/WATEK_007__instrukcja_projektu_vneil_snapshot_filing_ready.md",
      "size_bytes": 1767,
      "sha256": "2e42cddc6fb43fcd4ff77098d67833543c2f3cbacfa1d0d84b42d42b24516769"
    },
    {
      "relpath": "02_LIBRARY/STABILIZACJA_I_OPTYMALIZACJA__BIBLIOTEKA_ROZMOW/ROZMOWA_0006__2026-01-17/WATEK_008__tryby_myslenia_ai_vneil_eil_core.md",
      "size_bytes": 4411,
      "sha256": "2168e532783ed347c28925a3dc49de0600ceac5ce9d12452863668e268594576"
    },
    {
      "relpath": "02_LIBRARY/STABILIZACJA_I_OPTYMALIZACJA__BIBLIOTEKA_ROZMOW/ROZMOWA_0006__2026-01-17/WATEK_009__tryby_myslenia_ai_vneil_eil_core.md",
      "size_bytes": 4143,
      "sha256": "7ff2aa4ccf63e6ac547add47d4c7e68895cb86e609a502ee9caca6c59c7e5cd4"
    },
    {
      "relpath": "02_LIBRARY/STABILIZACJA_I_OPTYMALIZACJA__BIBLIOTEKA_ROZMOW/ROZMOWA_0006__2026-01-17/WATEK_010__hipotezy_procesowe_vneil_eil_ai.md",
      "size_bytes": 4929,
      "sha256": "ff148117dcd37058793cee6578384412bb79040b65805b74a3b881e98c915fa5"
    },
    {
      "relpath": "02_LIBRARY/STABILIZACJA_I_OPTYMALIZACJA__BIBLIOTEKA_ROZMOW/ROZMOWA_0006__2026-01-17/WATEK_011__hipotezy_procesowe_vneil_eil_ai_cz_2.md",
      "size_bytes": 7177,
      "sha256": "2567cb8425e820acf63dfccdb04eab4710f4e3fbc959c68b1184222c6bf52e7a"
    },
    {
      "relpath": "02_LIBRARY/STABILIZACJA_I_OPTYMALIZACJA__BIBLIOTEKA_ROZMOW/ROZMOWA_0006__2026-01-17/WATEK_012__hipotezy_procesowe_vneil_eil_ai_cz_3.md",
      "size_bytes": 7177,
      "sha256": "dcd3e3020259381219d6300e444eeb40cc363d16d789943bfe6b48d72804c689"
    },
    {
      "relpath": "02_LIBRARY/STABILIZACJA_I_OPTYMALIZACJA__BIBLIOTEKA_ROZMOW/ROZMOWA_0006__2026-01-17/WATEK_013__cometlab_meta_constitution_cream_de_la_cream.md",
      "size_bytes": 4267,
      "sha256": "2f62781a874d8cd5f2dc9b63dcf41c2160b202a56bedaa888f65b906e6469c90"
    },
    {
      "relpath": "02_LIBRARY/STABILIZACJA_I_OPTYMALIZACJA__BIBLIOTEKA_ROZMOW/ROZMOWA_0006__2026-01-17/WATEK_014__cometlab_meta_constitution_cream_de_la_cream.md",
      "size_bytes": 3999,
      "sha256": "c0fb125bb486e57842b32d96d126b87bbea0ebdffb919456210011ad61469fe0"
    },
    {
      "relpath": "02_LIBRARY/STABILIZACJA_I_OPTYMALIZACJA__BIBLIOTEKA_ROZMOW/ROZMOWA_0006__2026-01-17/WATEK_015__mapa_cywilizacyjna_0_500_lat.md",
      "size_bytes": 3451,
      "sha256": "5ac1a781b558a33bd45034d103be83a87203a15d38ced3c185f8e636be17b222"
    },
    {
      "relpath": "02_LIBRARY/STABILIZACJA_I_OPTYMALIZACJA__BIBLIOTEKA_ROZMOW/ROZMOWA_0006__2026-01-17/WATEK_016__mapa_cywilizacyjna_0_500_lat_zamrozona_depot.md",
      "size_bytes": 2097,
      "sha256": "caf09a1bed4862ab8b71672a205c263252258ff68ff9977220dd23aa9f8ca94a"
    },
    {
      "relpath": "02_LIBRARY/STABILIZACJA_I_OPTYMALIZACJA__BIBLIOTEKA_ROZMOW/ROZMOWA_0006__2026-01-17/WATEK_017__mapa_cywilizacyjna_500_2000_lat.md",
      "size_bytes": 3237,
      "sha256": "5a7ca309cfb8efc8721d3f8a18559e8b506f13ee03f4e8c081d894a1addbd8aa"
    },
    {
      "relpath": "02_LIBRARY/STABILIZACJA_I_OPTYMALIZACJA__BIBLIOTEKA_ROZMOW/ROZMOWA_0006__2026-01-17/WATEK_018__mapa_bledow_egzystencjalnych.md",
      "size_bytes": 4640,
      "sha256": "46335e82f02b086d02484228c17fe1383d0d008f70151eb464b81f7672c3d591"
    },
    {
      "relpath": "02_LIBRARY/STABILIZACJA_I_OPTYMALIZACJA__BIBLIOTEKA_ROZMOW/ROZMOWA_0006__2026-01-17/WATEK_019__pakiet_depozytowy_pelne_kontinuum_0_infinity.md",
      "size_bytes": 3359,
      "sha256": "7d83b8f87049754d81135f9b6ab04a2adafb7e51dbe1c6f4575aea0af9e7dfde"
    },
    {
      "relpath": "02_LIBRARY/STABILIZACJA_I_OPTYMALIZACJA__BIBLIOTEKA_ROZMOW/ROZMOWA_0006__2026-01-17/WATEK_020__iteracja_ii_ksiega_korekty.md",
      "size_bytes": 4335,
      "sha256": "006b48c5f7eebbb17747f022319d6bdfe56f52b9b876402e33c81fee991772b2"
    },
    {
      "relpath": "02_LIBRARY/STABILIZACJA_I_OPTYMALIZACJA__BIBLIOTEKA_ROZMOW/ROZMOWA_0006__2026-01-17/WATEK_021__iteracja_iii_graniczna.md",
      "size_bytes": 3200,
      "sha256": "2b6a2b703afc0d8cc487ac3de98966a18b6d219bf72282dc468b73321b1b1ed3"
    },
    {
      "relpath": "02_LIBRARY/STABILIZACJA_I_OPTYMALIZACJA__BIBLIOTEKA_ROZMOW/ROZMOWA_0006__2026-01-17/WATEK_022__iteracja_iii_concept_teoretyczny.md",
      "size_bytes": 3750,
      "sha256": "803a279056fd1673763d48a741c242c15fad7862aaf0d417208a6388796bb313"
    },
    {
      "relpath": "02_LIBRARY/STABILIZACJA_I_OPTYMALIZACJA__BIBLIOTEKA_ROZMOW/ROZMOWA_0006__2026-01-17/WATEK_023__iteracja_iii_porownanie_teoretyczne.md",
      "size_bytes": 4689,
      "sha256": "1dd84f34c2adea1fd90602537f1fbf8a5f52ebb3cc144b07da40f498629f6e21"
    },
    {
      "relpath": "02_LIBRARY/STABILIZACJA_I_OPTYMALIZACJA__BIBLIOTEKA_ROZMOW/ROZMOWA_0006__2026-01-17/WATEK_024__iteracja_iii_formalizacja_logiczna.md",
      "size_bytes": 5732,
      "sha256": "6b99a98b0540c00fda82326f82e00f1266f7499e40f6cd6ff35038af1e16827a"
    },
    {
      "relpath": "02_LIBRARY/STABILIZACJA_I_OPTYMALIZACJA__BIBLIOTEKA_ROZMOW/ROZMOWA_0007__2026-01-18/WATEK_001__mapa_patentowa_co_tak_co_nigdy.md",
      "size_bytes": 5108,
      "sha256": "4b4ba4b6f175546aacccb376aae1120523ecb802bb4eb50d0af58e335380e6db"
    },
    {
      "relpath": "02_LIBRARY/STABILIZACJA_I_OPTYMALIZACJA__BIBLIOTEKA_ROZMOW/ROZMOWA_0007__2026-01-18/WATEK_002__mapa_patentowa_co_tak_co_nigdy.md",
      "size_bytes": 4840,
      "sha256": "5287e3f350fb25da7c981be296a8e3d7cd38980e59899be4bfec226810c951db"
    },
    {
      "relpath": "02_LIBRARY/STABILIZACJA_I_OPTYMALIZACJA__BIBLIOTEKA_ROZMOW/ROZMOWA_0007__2026-01-18/WATEK_003__vneil_pakiet_patentowy.md",
      "size_bytes": 1939,
      "sha256": "e169a1a6e4cac18341437415ad67b1c2d75969c3f9d82186a579844643c5c8e4"
    },
    {
      "relpath": "02_LIBRARY/STABILIZACJA_I_OPTYMALIZACJA__BIBLIOTEKA_ROZMOW/ROZMOWA_0007__2026-01-18/WATEK_004__svne_kroniki_patentu_zero.md",
      "size_bytes": 2238,
      "sha256": "6c47d466a2d6ed5662b2424f9092ae9293ccfb64bb4e260fbd95f86f5836596b"
    },
    {
      "relpath": "02_LIBRARY/STABILIZACJA_I_OPTYMALIZACJA__BIBLIOTEKA_ROZMOW/ROZMOWA_0007__2026-01-18/WATEK_005__tryb_tworca.md",
      "size_bytes": 21817,
      "sha256": "e73f60ae959db737f32e1d9e57dd1ea730949d3a1014191337a73afe32e5940c"
    },
    {
      "relpath": "02_LIBRARY/STABILIZACJA_I_OPTYMALIZACJA__BIBLIOTEKA_ROZMOW/ROZMOWA_0007__2026-01-18/WATEK_006__tryb_tworca.md",
      "size_bytes": 21549,
      "sha256": "81ea678162001de1237f7125c3d63847fa5807b2528e9e2ac47e57b9b4fbb990"
    },
    {
      "relpath": "02_LIBRARY/STABILIZACJA_I_OPTYMALIZACJA__BIBLIOTEKA_ROZMOW/ROZMOWA_0007__2026-01-18/WATEK_007__slownik_ciemnej_wiedzy.md",
      "size_bytes": 2553,
      "sha256": "d4480ec3eec0c92710cadbce43b0cd976d5e0078129be5d887541eb96afa5852"
    },
    {
      "relpath": "02_LIBRARY/STABILIZACJA_I_OPTYMALIZACJA__BIBLIOTEKA_ROZMOW/ROZMOWA_0007__2026-01-18/WATEK_008__slownik_ciemnej_wiedzy.md",
      "size_bytes": 2285,
      "sha256": "c7d16f64887fc7a94998d636e16e2f0d57b9d6d8dd0abef254bddf5bda8e4bc1"
    },
    {
      "relpath": "02_LIBRARY/STABILIZACJA_I_OPTYMALIZACJA__BIBLIOTEKA_ROZMOW/ROZMOWA_0007__2026-01-18/WATEK_009__mapowanie_pojecie_decyzja_patent_negocjacja.md",
      "size_bytes": 1993,
      "sha256": "0765128decd18fe1a2381830743a47f36ef44021bdf854734878ebd3a6d79a25"
    },
    {
      "relpath": "02_LIBRARY/STABILIZACJA_I_OPTYMALIZACJA__BIBLIOTEKA_ROZMOW/ROZMOWA_0007__2026-01-18/WATEK_010__mapowanie_pojecie_decyzja_patent_negocjacja.md",
      "size_bytes": 1725,
      "sha256": "b7c36fcdb0e09402a1cf3b6c597d4c1fac23cc041b20276f21b008251963e66d"
    },
    {
      "relpath": "02_LIBRARY/STABILIZACJA_I_OPTYMALIZACJA__BIBLIOTEKA_ROZMOW/ROZMOWA_0007__2026-01-18/WATEK_011__full_matrix_24_pojecia.md",
      "size_bytes": 3717,
      "sha256": "894b4f5d39692e2fcb4cca87a5faed888e75515c1a2f8c1c7fa1c250cc5ca587"
    },
    {
      "relpath": "02_LIBRARY/STABILIZACJA_I_OPTYMALIZACJA__BIBLIOTEKA_ROZMOW/ROZMOWA_0007__2026-01-18/WATEK_012__full_matrix_24_pojecia.md",
      "size_bytes": 3449,
      "sha256": "1d3d762c65914a4c3b1dfb8a48ed2e3d6b8f4517cab42d7c8c0fd9523dcd074b"
    },
    {
      "relpath": "02_LIBRARY/STABILIZACJA_I_OPTYMALIZACJA__BIBLIOTEKA_ROZMOW/ROZMOWA_0007__2026-01-18/WATEK_013__full_matrix_49_fazy.md",
      "size_bytes": 5161,
      "sha256": "0bb681993c60f145dd33ae1869529dc4b85157c556da9b5e9f85d32fe5b85225"
    },
    {
      "relpath": "02_LIBRARY/STABILIZACJA_I_OPTYMALIZACJA__BIBLIOTEKA_ROZMOW/ROZMOWA_0007__2026-01-18/WATEK_014__full_matrix_49_fazy.md",
      "size_bytes": 4893,
      "sha256": "bf6948ec2a6cdf908e558db6ef6d7cdb447f9e4fdb2171c0678c8224946937de"
    },
    {
      "relpath": "02_LIBRARY/STABILIZACJA_I_OPTYMALIZACJA__BIBLIOTEKA_ROZMOW/ROZMOWA_0007__2026-01-18/WATEK_015__macierz_personalna_partnerzy.md",
      "size_bytes": 2225,
      "sha256": "ccaa753f1366322067e9bb2ee5ae6a6ef5aca6d763926e4cff7b03cb4e7320c0"
    },
    {
      "relpath": "02_LIBRARY/STABILIZACJA_I_OPTYMALIZACJA__BIBLIOTEKA_ROZMOW/ROZMOWA_0007__2026-01-18/WATEK_016__macierz_personalna_partnerzy.md",
      "size_bytes": 1957,
      "sha256": "2524d28391ffa1eda9fbe4e8beb5dff24f2d90f1e20bf92128cd0b4d179ae9e0"
    },
    {
      "relpath": "02_LIBRARY/STABILIZACJA_I_OPTYMALIZACJA__BIBLIOTEKA_ROZMOW/ROZMOWA_0007__2026-01-18/WATEK_017__macierz_personalna_2_0.md",
      "size_bytes": 3034,
      "sha256": "7069a60cde1ef70666178c31b0dbfb21237a97d17c22720ac05df806a625daf4"
    },
    {
      "relpath": "02_LIBRARY/STABILIZACJA_I_OPTYMALIZACJA__BIBLIOTEKA_ROZMOW/ROZMOWA_0007__2026-01-18/WATEK_018__macierz_personalna_2_0.md",
      "size_bytes": 2766,
      "sha256": "36cd6b03da487372e8596ca995b16b1f997f559cc8da34968717bac0956d6e11"
    },
    {
      "relpath": "02_LIBRARY/STABILIZACJA_I_OPTYMALIZACJA__BIBLIOTEKA_ROZMOW/ROZMOWA_0007__2026-01-18/WATEK_019__macierz_personalna_3_0.md",
      "size_bytes": 1732,
      "sha256": "b43673c6467de7c03dcc95dc8eb412149ce9a13dd906e21642e32b0319c51ce2"
    },
    {
      "relpath": "02_LIBRARY/STABILIZACJA_I_OPTYMALIZACJA__BIBLIOTEKA_ROZMOW/ROZMOWA_0007__2026-01-18/WATEK_020__macierz_personalna_3_0.md",
      "size_bytes": 1464,
      "sha256": "cc91fb8416cc4b06faa8e3338ddcfa771d434f36dd459ca6ae586b169c1c9e2a"
    },
    {
      "relpath": "02_LIBRARY/STABILIZACJA_I_OPTYMALIZACJA__BIBLIOTEKA_ROZMOW/ROZMOWA_0007__2026-01-18/WATEK_021__manifest_tworcy.md",
      "size_bytes": 4076,
      "sha256": "8280c3d12f5876ddb949f5f79aab1ac2f28dc18f5a83244ff0979b6a5f639dbc"
    },
    {
      "relpath": "02_LIBRARY/STABILIZACJA_I_OPTYMALIZACJA__BIBLIOTEKA_ROZMOW/ROZMOWA_0007__2026-01-18/WATEK_022__manifest_tworcy.md",
      "size_bytes": 3808,
      "sha256": "fb3a3363bc890b9b7e9536b312046c827bdb90e32c664f34d295ed0196cbec6a"
    },
    {
      "relpath": "02_LIBRARY/STABILIZACJA_I_OPTYMALIZACJA__BIBLIOTEKA_ROZMOW/ROZMOWA_0007__2026-01-18/WATEK_023__playbook_tworcy_1_strona_md.md",
      "size_bytes": 3519,
      "sha256": "7b07fa506117fc8f1400dc8c0d6c91bb4c7346bc48d65bbf4e5212bf4856c553"
    },
    {
      "relpath": "02_LIBRARY/STABILIZACJA_I_OPTYMALIZACJA__BIBLIOTEKA_ROZMOW/ROZMOWA_0007__2026-01-18/WATEK_024__playbook_tworcy_1_strona_md.md",
      "size_bytes": 3251,
      "sha256": "d76576224365d2a907afcc7adf7b46f842975b695ab05d34704c531f9c60bfae"
    },
    {
      "relpath": "02_LIBRARY/STABILIZACJA_I_OPTYMALIZACJA__BIBLIOTEKA_ROZMOW/ROZMOWA_0007__2026-01-18/WATEK_025__playbook_tworcy_linia_patentowa_p1e_p1sigil.md",
      "size_bytes": 4549,
      "sha256": "be2aa50ed6596a221235a532aa76e6564d0de7d097e2ab90afbb21b3c9cf2289"
    },
    {
      "relpath": "02_LIBRARY/STABILIZACJA_I_OPTYMALIZACJA__BIBLIOTEKA_ROZMOW/ROZMOWA_0007__2026-01-18/WATEK_026__playbook_tworcy_linia_patentowa_p1e_p1sigil.md",
      "size_bytes": 4281,
      "sha256": "76cc797b68e9e9f80e2e9d0f96b8f6f354ebe1a2e97fc9f9c9518789b50b9268"
    },
    {
      "relpath": "02_LIBRARY/STABILIZACJA_I_OPTYMALIZACJA__BIBLIOTEKA_ROZMOW/ROZMOWA_0007__2026-01-18/WATEK_027__ip_nda_mapowanie_projekt_w.md",
      "size_bytes": 4319,
      "sha256": "f21a3e622726dc8ec7a101837cb07410aff487fce76956f0f7b34995a8bde0ab"
    },
    {
      "relpath": "02_LIBRARY/STABILIZACJA_I_OPTYMALIZACJA__BIBLIOTEKA_ROZMOW/ROZMOWA_0007__2026-01-18/WATEK_028__ip_nda_mapowanie_projekt_w.md",
      "size_bytes": 4051,
      "sha256": "f7efeb0bf54d9a87081f63b3f8944bc9edcee2c4db1e2072bf77f74059dd3da0"
    },
    {
      "relpath": "02_LIBRARY/STABILIZACJA_I_OPTYMALIZACJA__BIBLIOTEKA_ROZMOW/ROZMOWA_0007__2026-01-18/WATEK_029__pakiet_standardy_mapa_36m_inwestor.md",
      "size_bytes": 1838,
      "sha256": "c15852f83579c380fc705ff1ba635ac1c58f394e39af4d9b70c0e3d0b0538d1c"
    },
    {
      "relpath": "02_LIBRARY/STABILIZACJA_I_OPTYMALIZACJA__BIBLIOTEKA_ROZMOW/ROZMOWA_0007__2026-01-18/WATEK_030__archiwum_czatu_bank_grade.md",
      "size_bytes": 1424,
      "sha256": "eb8d44c022347349b05b1d6d3301b04fa9f56ca0ced88401aee375e802ce24c1"
    },
    {
      "relpath": "02_LIBRARY/STABILIZACJA_I_OPTYMALIZACJA__BIBLIOTEKA_ROZMOW/ROZMOWA_0007__2026-01-18/WATEK_031__biblioteka_algorytmow_myslenia_svne.md",
      "size_bytes": 4101,
      "sha256": "a5a1c783111f2c334462477e4d9c2b3e9211d9e55acdaa27d964df57f02c4b46"
    },
    {
      "relpath": "02_LIBRARY/STABILIZACJA_I_OPTYMALIZACJA__BIBLIOTEKA_ROZMOW/ROZMOWA_0007__2026-01-18/WATEK_032__mapowanie_svne_na_eil_ai_i_svne_decision_engine.md",
      "size_bytes": 5837,
      "sha256": "4a64abb172c3e496b83e901d9d38e9c591ddd4d0413f1eaa96bf38474c264afb"
    },
    {
      "relpath": "02_LIBRARY/STABILIZACJA_I_OPTYMALIZACJA__BIBLIOTEKA_ROZMOW/ROZMOWA_0007__2026-01-18/WATEK_033__svne_konstytucja_decyzyjna_0_20l.md",
      "size_bytes": 3761,
      "sha256": "b0aa699fdf7a352fb9a233c937c42946b27d74347194aae0877ebd77c4855601"
    },
    {
      "relpath": "02_LIBRARY/STABILIZACJA_I_OPTYMALIZACJA__BIBLIOTEKA_ROZMOW/ROZMOWA_0007__2026-01-18/WATEK_034__architektura_eil_ai_warstwy_i_przeplywy.md",
      "size_bytes": 2740,
      "sha256": "f73b69b3a865a15f5a9de3c53f90956cfeb048306b9f7fa5e5e191f761250ad3"
    },
    {
      "relpath": "02_LIBRARY/STABILIZACJA_I_OPTYMALIZACJA__BIBLIOTEKA_ROZMOW/ROZMOWA_0007__2026-01-18/WATEK_035__svne_material_library_1000.md",
      "size_bytes": 4206,
      "sha256": "707ba890d9aacbfa90d3998a48d5ffc7889dcc65212a34d07613c0604450c8ba"
    },
    {
      "relpath": "02_LIBRARY/STABILIZACJA_I_OPTYMALIZACJA__BIBLIOTEKA_ROZMOW/ROZMOWA_0007__2026-01-18/WATEK_036__svne_global_patent_library.md",
      "size_bytes": 4543,
      "sha256": "af0b8c304d04765556a9fdda50195f0b1371da35371af8e89e49fcf1d23099c6"
    },
    {
      "relpath": "02_LIBRARY/STABILIZACJA_I_OPTYMALIZACJA__BIBLIOTEKA_ROZMOW/ROZMOWA_0007__2026-01-18/WATEK_037__svne_unknown_obvious_patent_library.md",
      "size_bytes": 4905,
      "sha256": "954eca608289c7cf8d0d103021fbaa4500b0fb00cfcc79c7c1cc98d76f6d0624"
    },
    {
      "relpath": "02_LIBRARY/STABILIZACJA_I_OPTYMALIZACJA__BIBLIOTEKA_ROZMOW/ROZMOWA_0007__2026-01-18/WATEK_038__svne_ai_gadgets_patent_library.md",
      "size_bytes": 4779,
      "sha256": "8c74485a1508180f8cc80b42b029d5d364cac7c166df0873d24a2fdf0278a28e"
    },
    {
      "relpath": "02_LIBRARY/STABILIZACJA_I_OPTYMALIZACJA__BIBLIOTEKA_ROZMOW/ROZMOWA_0007__2026-01-18/WATEK_039__svne_ar_vr_hologram_ai_patent_library.md",
      "size_bytes": 5165,
      "sha256": "671112d09549309696661a877db548ed7cbc7cb8e15dce99039acc59977219c6"
    },
    {
      "relpath": "02_LIBRARY/STABILIZACJA_I_OPTYMALIZACJA__BIBLIOTEKA_ROZMOW/ROZMOWA_0007__2026-01-18/WATEK_040__svne_biblioteki_materialowe.md",
      "size_bytes": 1524,
      "sha256": "d31677a639d43ed345a20a7198f411c489f064d060af2f83ed426a787327b1e2"
    },
    {
      "relpath": "02_LIBRARY/STABILIZACJA_I_OPTYMALIZACJA__BIBLIOTEKA_ROZMOW/ROZMOWA_0007__2026-01-18/WATEK_041__svne_micro_environment_alpha_demo.md",
      "size_bytes": 4239,
      "sha256": "f3f3a10067961526813bde960b3b8b81b7c79bd10054880e7e71884e3c16e361"
    },
    {
      "relpath": "02_LIBRARY/STABILIZACJA_I_OPTYMALIZACJA__BIBLIOTEKA_ROZMOW/ROZMOWA_0007__2026-01-18/WATEK_042__konstytucja_materialowa_svne.md",
      "size_bytes": 2358,
      "sha256": "5f3e50bd46979a3e0acf08ac8671da7d94e4d5d605e1131bd6b95d7837071bbd"
    },
    {
      "relpath": "02_LIBRARY/STABILIZACJA_I_OPTYMALIZACJA__BIBLIOTEKA_ROZMOW/ROZMOWA_0007__2026-01-18/WATEK_043__konstytucja_vneil_aktualizacja_projektowa_po_14_01_2026r.md",
      "size_bytes": 5053,
      "sha256": "31d86ed2196a5e14df0a0e022371959a395bcb9a3ada62d0b1c123a54851319e"
    },
    {
      "relpath": "02_LIBRARY/STABILIZACJA_I_OPTYMALIZACJA__BIBLIOTEKA_ROZMOW/ROZMOWA_0007__2026-01-18/WATEK_044__konstytucja_vneil_aktualizacja_projektowa_po_14_01_2026r.md",
      "size_bytes": 4785,
      "sha256": "2f7a01e65fe6550e6bff2c7b62e6b15c4f3d02b1afbf96405188b09d6758c5e3"
    },
    {
      "relpath": "02_LIBRARY/STABILIZACJA_I_OPTYMALIZACJA__BIBLIOTEKA_ROZMOW/ROZMOWA_0007__2026-01-18/WATEK_045__patent_set_p_1_e_pmmd_1_psigil_1.md",
      "size_bytes": 12791,
      "sha256": "5f7a2aa636b5b7a1db396bc3447a4042b698d5fc8a67d65151d48fb96e3c0c82"
    },
    {
      "relpath": "02_LIBRARY/STABILIZACJA_I_OPTYMALIZACJA__BIBLIOTEKA_ROZMOW/ROZMOWA_0007__2026-01-18/WATEK_046__patent_set_p_1_e_pmmd_1_psigil_1.md",
      "size_bytes": 12523,
      "sha256": "ad2d8fa4b76b2bd05357725eacbeb66cfa7ea0b1d54d817aaf7cf95f010b127c"
    },
    {
      "relpath": "02_LIBRARY/STABILIZACJA_I_OPTYMALIZACJA__BIBLIOTEKA_ROZMOW/ROZMOWA_0008__2026-01-21/WATEK_001__svne_meta_sim_single_file_live.md",
      "size_bytes": 3958,
      "sha256": "e991042f96b76ad02706ccb6bb0c93b5e1422313f6b7a67f325588de98128222"
    },
    {
      "relpath": "02_LIBRARY/STABILIZACJA_I_OPTYMALIZACJA__BIBLIOTEKA_ROZMOW/ROZMOWA_0008__2026-01-21/WATEK_002__prosba_chronologiczna_biblioteka_rozmow_zip.md",
      "size_bytes": 855,
      "sha256": "a82f44589b1f1d1223fdcf849780af6ff0a5d1da03e6110f9b491e34a035ed9a"
    },
    {
      "relpath": "02_LIBRARY/STABILIZACJA_I_OPTYMALIZACJA__BIBLIOTEKA_ROZMOW/ROZMOWA_0009__2026-01-25/WATEK_001__tsvne_plus_konstytucja_i_archiwum.md",
      "size_bytes": 1210,
      "sha256": "c59e401a65bf401bdecc34282a5dc2eb99d08508ef9d2d7027a142323b430ac4"
    },
    {
      "relpath": "03_LEGAL_IP/2026-01-25__ANALIZA_PDF__TSVNE=LEGAL_IP__WAZNE.md",
      "size_bytes": 2425,
      "sha256": "d0d2e6011687cfbc20ffae1875dcbb75699daf53d446904fa5f1150f459d58ec"
    },
    {
      "relpath": "04_SSOT/2026-01-25__MAPA_SORTOWANIA_I_SSOT__TSVNE=SSOT__WAZNE.md",
      "size_bytes": 1333,
      "sha256": "0e1cd7ffee3fcbc1891b0e0e3749b7b48142f26c4fe2660c3e031e1dbe86f741"
    },
    {
      "relpath": "05_AGENT_PLATFORM/TSVNE_AGENT_PLATFORM__GOTOWIEC/README.md",
      "size_bytes": 344,
      "sha256": "eaa15bcefcc53cbe408ec6ea395b5766b8e68b313106f9c2930cc176ab53fd81"
    },
    {
      "relpath": "05_AGENT_PLATFORM/TSVNE_AGENT_PLATFORM__GOTOWIEC/orchestrator/README.md",
      "size_bytes": 65,
      "sha256": "ce4717de081f178cbefd544f19493bed167d74ce5f89d84081185b76d70f09e6"
    },
    {
      "relpath": "05_AGENT_PLATFORM/TSVNE_AGENT_PLATFORM__GOTOWIEC/orchestrator/runner.py",
      "size_bytes": 4615,
      "sha256": "fb1af2846c7a128b9ddb5614a7c619becb5e8f8dad80f91ff0c1c279731d4f0e"
    },
    {
      "relpath": "05_AGENT_PLATFORM/TSVNE_AGENT_PLATFORM__GOTOWIEC/policies/redaction.yml",
      "size_bytes": 409,
      "sha256": "41fd2e77856771e0d23ed00e02a50230b1902f594ac9e5d1386c9fd0529828fa"
    },
    {
      "relpath": "05_AGENT_PLATFORM/TSVNE_AGENT_PLATFORM__GOTOWIEC/security/opsec_checklist.md",
      "size_bytes": 150,
      "sha256": "60cb1524729282d0d161ec8b6f78366bb00ce7c2059bccfcda0236903ac0b366"
    },
    {
      "relpath": "05_AGENT_PLATFORM/TSVNE_AGENT_PLATFORM__GOTOWIEC/templates/disclosure_packet.md",
      "size_bytes": 184,
      "sha256": "2ead044ad4ddad7bccd199b1ca1aa08a65de3cd32de0c74abfe2c338d616b009"
    },
    {
      "relpath": "05_AGENT_PLATFORM/TSVNE_AGENT_PLATFORM__GOTOWIEC/tools/build_release.py",
      "size_bytes": 2237,
      "sha256": "df5cadcc0ceadf03f9dc3a0d6946efd7e23a3bbf5d526b570473254e86f5d18e"
    },
    {
      "relpath": "05_AGENT_PLATFORM/TSVNE_AGENT_PLATFORM__GOTOWIEC/tools/redact_library.py",
      "size_bytes": 2222,
      "sha256": "aa0734cd8d88619c8a82f2d5c9e94e3e45c1ba44d96fd871eb40f3e051c22487"
    },
    {
      "relpath": "05_AGENT_PLATFORM/TSVNE_AGENT_PLATFORM__GOTOWIEC/tools/tag_conversations.py",
      "size_bytes": 2355,
      "sha256": "86c615adf41e65be7c3434ed3a22d540a3173d0793e81afb52633f5a3d64d962"
    },
    {
      "relpath": "06_OPERATIONS/2026-01-25__PLAN_MIGRACJI__TSVNE=OPERATIONS__WAZNE.md",
      "size_bytes": 913,
      "sha256": "3291aefd44ddd73c0ad4b460d1275b48aaa15983e7943c743c086f9f6a69f61b"
    },
    {
      "relpath": "90_ARCHIVE_ORIGINAL/=AKTUALNY EXPORT CHATGPT= PODSTAWA.f1f944fdd7e50ea584ccab895e20dbbe9d1a9e831172c058440d1b5248ce1879-2026-01-25-03-28-35-4c63dc10adc846a0a17c6188d1b6fa5f.zip",
      "size_bytes": 59747646,
      "sha256": "f60e8652c618b62964926de1ec5de5c6d62b979eabea445669ac8a0c5c32c21c"
    },
    {
      "relpath": "90_ARCHIVE_ORIGINAL/=BYT FUNDAMET 0 Z PRZED 25.01.26R.=VNEIL IDEA CONCEPT MARKA SVNE ETAP0 FUNDAMENTALNY 01.12.25R.-25.01.26R. BOSON-0.zip",
      "size_bytes": 512927607,
      "sha256": "a61da29de1fad5d4aff9e8f8eca87a9a30a22290e22d2e765eb4b21fb910a612"
    },
    {
      "relpath": "90_ARCHIVE_ORIGINAL/=NP...STRUKTURA DO ROZBUDOWY VNEIL.pdf",
      "size_bytes": 434006,
      "sha256": "766eccf4cf192c2907097a6ec261f8fd16053b25074db92f3f9b38c16b652773"
    },
    {
      "relpath": "90_ARCHIVE_ORIGINAL/AUTOMATYCZNY FOLDER AI VNEIL=SVNE_CONSOLIDATED_READY_ORGANIZER_PATENTS_SOFTWARE.zip",
      "size_bytes": 2643739,
      "sha256": "f453461b37e0fb5ec98d991c6b9a1fa8bf6e0f75ef45ba2c667b8025dffad226"
    },
    {
      "relpath": "90_ARCHIVE_ORIGINAL/BYT TSVNE NIEUSUWALNY= CALY PROJEKT SVNE=boson0.json",
      "size_bytes": 690,
      "sha256": "0ac10c2231a8424bfd6c935552bb43990f7b20e4ce8177de3fc40247711b1657"
    },
    {
      "relpath": "90_ARCHIVE_ORIGINAL/README BY VNEIL AL.txt",
      "size_bytes": 1522,
      "sha256": "4146b2faa81f44a7bcd67db4f26900ed117b923a9fbac538d3da3f8b38f814c5"
    },
    {
      "relpath": "90_ARCHIVE_ORIGINAL/TSVNE_PLUS__AUDYT_VNEIL_AL__2026-01-25__WAZNE.zip",
      "size_bytes": 375104,
      "sha256": "821e0b50290aafac942f4fc667f5b5970138140c5c6c57f7f0a7692b350afffe"
    }
  ]
}